Pokemon,Reg,URL,Jan 7 2023,Jan 20 2023,Feb 4 2023,Feb 18 2023,Feb 25 2023,Feb 25 2023,Mar 4 2023,Mar 11 2023,Mar 18 2023,Mar 25 2023,Apr 1 2023,Apr 14 2023,May 6 2023,May 20 2023,May 20 2023,May 27 2023,Jun 3 2023,Jun 3 2023,Jun 10 2023,Jun 30 2023,Aug 11 2023,Sep 9 2023,Sep 16 2023,Sep 23 2023,Oct 7 2023,Oct 14 2023,Oct 21 2023,Oct 28 2023,Nov 18 2023,Nov 25 2023,Nov 25 2023,Dec 9 2023,Dec 16 2023,Jan 6 2024,Jan 20 2024,Jan 27 2024,Feb 3 2024,Feb 3 2024,Feb 10 2024,Mar 2 2024,Mar 9 2024,Mar 23 2024,Apr 6 2024,Apr 13 2024,Apr 13 2024,Apr 20 2024,May 4 2024,May 11 2024,May 18 2024,May 25 2024,Jun 1 2024,Jun 8 2024,Aug 17 2024
Cetitan,A,https://limitlessvgc.com/wp-content/media/icons/gen9/cetitan.png,0.13,0,0,0,0,0,0,0.26,0.13,0,0,0,0,0.13,0,0,0.13,0,0,0,0,0,0,0,0.13,0,0,0,0,0,0,0,0,0,0,0,0,0,0,0,0,0,0,0,0,0,0,0,0,0,0,0,0
Scizor,A,https://limitlessvgc.com/wp-content/media/icons/gen9/scizor.png,0.13,0,0.26,0,0,0,0,0,0,0.13,0.911,0.52,0.52,0.781,0.261,0.52,0.911,0.26,0.52,0.13,0,0,0,0,0.13,0,0,0,0,0,0.13,0.13,0,0,0,0,0,0,0,0,0,0.13,0.065,0,0,0,0,0,0,0,0,0,0
Medicham,A,https://limitlessvgc.com/wp-content/media/icons/gen9/medicham.png,0.13,0,0,0,0,0,0,0,0.13,0,0,0,0,0.13,0,0,0,0,0,0,0,0,0,0,0,0,0,0,0,0,0,0,0,0,0,0,0,0,0,0,0,0,0,0,0,0,0,0,0,0,0,0,0
Arboliva,A,https://limitlessvgc.com/wp-content/media/icons/gen9/arboliva.png,0.13,0.13,0,0,0,0,0,0,0,0,0,0,0,0,0,0,0.13,0,0,0,0,0,0,0,0,0,0,0,0,0,0,0,0,0,0,0,0,0,0,0,0,0,0,0,0,0,0,0,0,0,0,0,0
Espathra,A,https://limitlessvgc.com/wp-content/media/icons/gen9/espathra.png,0.13,0.13,0.26,0,0.26,0.13,0,0,0.13,0.39,0.13,0,0,0.13,0,0,0.13,0,0,0,0,0.13,0,0,0,0,0,0,0,0,0,0,0,0,0,0,0,0,0,0,0,0,0,0,0,0,0,0,0,0,0,0,0
Quaquaval,A,https://limitlessvgc.com/wp-content/media/icons/gen9/quaquaval.png,0.13,0.13,0,0,0,0,0,0,0,0,0,0,0.13,0.13,0,0,0.13,0,0,0,0,0,0,0,0,0,0,0,0,0,0,0,0,0,0,0,0,0,0,0,0,0,0,0,0,0,0,0,0,0,0,0,0
Hatterene,A,https://limitlessvgc.com/wp-content/media/icons/gen9/hatterene.png,0.13,0.13,0.911,1.041,1.041,0.39,1.041,0.781,0.911,1.041,0.52,0.39,0.13,0.911,0.261,0,0.651,0.39,0.52,0.26,0.147,0.13,0.13,0,0.26,0.26,0,0,0,0,0,0,0,0.39,0.651,0.781,0.781,0.52,0.781,0.39,0.52,0.26,0.455,0.651,0.781,0.261,0,0,0,0.39,0,0,0
Lilligant,A,https://limitlessvgc.com/wp-content/media/icons/gen9/lilligant.png,0.13,0.13,0,0,0.26,0.13,0,0.52,1.562,0.651,0.911,0.26,0,0.52,0.261,1.041,0.39,0.13,0.26,0.26,0,0,0,0,0,0,0,0,0,0,0,0,0,0,0,0,0,0,0,0,0,0,0,0,0,0,0,0,0,0,0,0,0
Vaporeon,A,https://limitlessvgc.com/wp-content/media/icons/gen9/vaporeon.png,0.13,0,0.13,0,0,0.13,0,0,0,0.13,0,0,0.13,0,0,0,0,0,0,0,0,0,0,0,0,0,0,0,0,0,0,0,0,0,0,0,0,0,0,0,0,0,0,0,0,0,0,0,0,0,0,0,0
Staraptor,A,https://limitlessvgc.com/wp-content/media/icons/gen9/staraptor.png,0.13,0,0.26,0,0,0.13,0,0,0,0,0,0,0.13,0.26,0.522,0,0,0.13,0,0,0,0,0,0,0.391,0,0.13,0,0.13,0,0,0,0.13,0,0,0,0,0,0,0,0,0,0,0,0,0,0,0,0,0,0,0,0
Toxtricity,A,https://limitlessvgc.com/wp-content/media/icons/gen9/toxtricity.png,0.13,0,0,0,0,0,0,0,0,0,0,0,0,0,0,0,0,0,0,0,0,0,0,0,0,0,0,0,0,0,0,0,0,0,0,0,0,0,0,0,0,0,0,0,0,0,0,0,0,0,0,0,0
Ceruledge,A,https://limitlessvgc.com/wp-content/media/icons/gen9/ceruledge.png,0.13,0,0.26,1.041,0.39,1.041,0.52,1.041,0.52,1.562,0.781,0.13,0.651,0.26,0,0.52,0.13,0.39,0,0.13,0,0.13,0,0,0,0,0.13,0,0,0.52,0.13,0.13,0,0,0,0,0,0,0,0,0,0,0,0,0,0,0,0.13,0.26,0,0.13,0.065,0
Gastrodon,A,https://limitlessvgc.com/wp-content/media/icons/gen9/gastrodon.png,0.13,0.911,1.041,0.26,0.13,0.26,1.562,1.562,0.13,0.26,0.26,0.13,0.13,0,0,0.52,0.13,0,0,0,1.032,1.302,0.13,3.125,0.521,0.13,0.13,0.26,0.26,0,0.13,0.26,0,0.13,0,0.13,0,0,0,0,0,0,0.13,0,0,0,0,0.39,0.26,0.13,0,0.13,0.065
Weavile,A,https://limitlessvgc.com/wp-content/media/icons/gen9/weavile.png,0.13,0,0,0,0,0,0,0,0,0.13,0,0,0,0,0,0,0,0,0,0,0,0,0,0,0,0,0,0,0,0,0,0,0,0,0,0,0,0,0,0,0,0.13,0,0,0,0,0,0,0,0,0,0,0
Spiritomb,A,https://limitlessvgc.com/wp-content/media/icons/gen9/spiritomb.png,0.13,0,0,0,0,0,0,0,0,0,0,0,0,0,0,0,0,0,0,0,0,0,0,0,0,0,0,0,0,0,0,0,0,0,0,0,0,0,0,0,0,0,0,0,0,0,0,0,0,0,0,0,0
Toedscruel,A,https://limitlessvgc.com/wp-content/media/icons/gen9/toedscruel.png,0.13,0.13,0,0,0,0,0,0,0,0,0,0,0,0,0,0,0,0,0,0,0,0,0,0,0,0,0,0,0,0,0,0,0,0,0,0,0,0,0,0,0,0,0,0,0,0,0,0,0,0,0,0,0
Drednaw,A,https://limitlessvgc.com/wp-content/media/icons/gen9/drednaw.png,0.26,0.911,0,0,0,0,0,0,0,0,0,0.26,0,0.13,0,0,0.13,0,0.26,0.13,0,0,0,0,0,0,0,0,0,0,0,0,0,0,0,0,0,0,0,0,0,0,0,0,0,0,0,0,0,0,0,0,0
Gothitelle,A,https://limitlessvgc.com/wp-content/media/icons/gen9/gothitelle.png,0.26,0.26,2.473,1.822,1.692,1.692,2.083,0.781,1.302,1.432,0.39,0.39,0.781,0.13,0.261,0.52,0.39,0.39,1.302,0.651,0.147,0,0.26,0.52,0,0.13,0.26,0.13,0.26,0,0.26,0,0.13,0,0,0,0,0,0,0,0,0,0,0,0,0,0.26,0,0.26,1.041,0.39,0.26,0.13
Gyarados,A,https://limitlessvgc.com/wp-content/media/icons/gen9/gyarados.png,0.26,0.39,0,0.26,0,0.39,0,0.52,0.13,0.26,1.953,3.906,4.296,2.994,6.005,3.125,3.906,4.817,3.906,2.994,1.327,0.52,1.302,0.52,0.13,0.26,0,0.13,0,0,0.13,0,0,0.651,0.13,0.13,0,0.13,0.13,0.13,0,0,0,0,0,0,0,0,0,0.13,0,0.065,0
Breloom,A,https://limitlessvgc.com/wp-content/media/icons/gen9/breloom.png,0.26,0.13,0,0.26,0,0,0,0,0,0,0,0,0,0,0,0,0.13,0.13,0,0,0.147,0.39,0,0,0.13,0.13,0,0,0,0,0,0,0,0,0,0,0,0,0,0,0,0,0,0,0,0,0,0,0,0,0,0,0
Gardevoir,A,https://limitlessvgc.com/wp-content/media/icons/gen9/gardevoir.png,0.26,0,0,0,0.39,0.13,0,0,0,0,0.13,0,0,0,0,0,0,0,0.26,0,0,0,0,0,0,0,0,0,0,0,0,0,0,0,0,0,0,0,0,0,0,0,0,0,0,0,0,0,0,0,0,0,0
Dragapult,A,https://limitlessvgc.com/wp-content/media/icons/gen9/dragapult.png,0.26,0.39,0.13,0.26,0.13,0.26,0,0.26,0,0,0.651,0.26,0.651,0.13,0.261,0.52,0.26,0.781,0,0.26,0.442,0.39,0.26,0,0.26,0.52,0,0,0,0,0,0.26,0.26,0.26,0,0,0,0.26,0,0,0,0,0.065,0.13,0.26,0,0,0,0,0,0.26,0.13,0
Gallade,A,https://limitlessvgc.com/wp-content/media/icons/gen9/gallade.png,0.26,0.13,0,0,0,0,0,0,0,0.13,0,0,0,0.13,0,0,0.13,0,0,0.13,0,0,0,0,0,0.13,0.13,0.39,0.13,0,0,0,0,0.26,0.39,0.52,0.781,0,0.911,0.39,0.52,0.39,0.195,0.52,1.041,0,0.13,0.26,0,0.13,0,0.195,0.065
Farigiraf,A,https://limitlessvgc.com/wp-content/media/icons/gen9/farigiraf.png,0.39,0.13,0.52,0.52,0.39,0.26,0.52,0,0.26,0.39,0.39,0.26,0.781,0.26,0.261,0,0.781,0.26,0.52,0.26,1.474,2.213,1.432,0,1.955,1.432,1.171,1.822,1.953,0.52,1.302,1.692,1.953,2.213,3.125,3.125,5.729,3.645,3.385,2.083,1.041,1.953,1.888,1.953,2.343,1.566,3.385,2.994,1.562,3.255,2.083,3.515,5.468
Glimmora,A,https://limitlessvgc.com/wp-content/media/icons/gen9/glimmora.png,0.39,1.432,0.13,1.302,0.26,0.39,0.52,1.302,2.213,2.083,1.953,1.692,1.953,1.692,0.522,3.645,1.432,0.651,2.083,0.781,0.147,0,0.39,0.52,0.13,0.39,0.781,0.39,0.39,1.041,0.39,0.39,0.26,1.171,2.473,2.343,1.302,1.953,1.302,0.52,1.041,2.213,1.041,1.041,0.52,0.783,0.13,0,0,0.13,0,0,0
Abomasnow,A,https://limitlessvgc.com/wp-content/media/icons/gen9/abomasnow.png,0.39,0,0.26,0.52,0.13,0.52,0.52,0.26,0.13,0.13,0.13,0.26,0.911,0.781,0.522,0,0.52,0.26,0.26,0,0.294,0.13,0.13,0,0,0,0,0,0,0,0,0,0,0,0,0,0,0,0,0,0,0,0,0,0,0,0,0,0,0,0,0,0
Sableye,A,https://limitlessvgc.com/wp-content/media/icons/gen9/sableye.png,0.39,0.13,0.26,0,0,0,0,0,0,0,0.13,0,0,0,0,0,0,0,0,0,0.147,0,0,0,0,0.13,0,0,0,0,0,0,0,0,0.13,0,0,0.13,0,0,0,0,0,0.13,0,0,0.26,0,0,0.26,0,0.13,0.065
Tinkaton,A,https://limitlessvgc.com/wp-content/media/icons/gen9/tinkaton.png,0.39,0.26,0.13,0,0.13,0,0,0.26,0,0.13,0.26,0,0,0,0,0,0.13,0,0.26,0,0,0.13,0,0,0,0.13,0,0.13,0.13,0,0.13,0,0,0,0,0,0,0.13,0,0,0,0,0,0.13,0,0,0,0,0,0.13,0,0,0.065
Kilowattrel,A,https://limitlessvgc.com/wp-content/media/icons/gen9/kilowattrel.png,0.39,0.781,0,0,0,0,0,0,0,0,0,0,0,0,0,0,0,0,0,0,0,0,0,0,0,0,0,0,0,0,0,0,0,0,0,0,0,0,0,0,0,0,0,0,0,0,0,0,0,0,0,0,0
Gengar,A,https://limitlessvgc.com/wp-content/media/icons/gen9/gengar.png,0.39,0,0,0,0,0,0.52,0,0,0,0,0,0,0,0,0,0,0,0,0,0,0,0,0,0,0,0,0,0,0,0,0,0,0,0,0,0,0,0,0,0,0,0,0,0,0,0,0,0,0,0,0,0
Lycanroc,A,https://limitlessvgc.com/wp-content/media/icons/gen9/lycanroc.png,0.52,0.26,0.39,0,0,0.26,0,0.52,0.13,0.39,0.26,0,0.911,0.911,0,0,0.651,0,0.781,0.39,0,0,0,0,0,0,0,0,0,0,0,0,0,0,0,0,0,0.13,0,0.13,0,0.13,0.065,0,0,0,0,0,0,0,0,0,0
Torkoal,A,https://limitlessvgc.com/wp-content/media/icons/gen9/torkoal.png,0.52,0.52,1.302,1.562,2.343,1.171,3.645,2.083,3.255,1.692,1.692,0.651,0.52,1.562,1.305,1.041,0.911,0.39,1.302,1.041,0.442,0.781,0.911,0.52,1.303,0.52,0.911,0.651,0.781,0.52,0.13,0.39,0.911,0.781,1.041,2.343,1.562,0.52,1.562,0.781,1.041,0.911,0.976,1.302,2.343,1.044,0.26,0.13,0,0,0.26,0.325,0.39
Tauros-paldea-blaze,A,https://limitlessvgc.com/wp-content/media/icons/gen9/tauros-paldea-blaze.png,0.651,1.171,0.13,0,0.13,0.39,0,0.26,0.13,0.13,0.13,0.26,0.13,0.26,0.261,0,0,0.13,0,0.26,0,0,0,0,0,0,0,0,0,0,0,0,0,0,0,0,0,0,0,0,0,0,0,0,0,0,0,0,0,0,0,0,0
Rotom-heat,A,https://limitlessvgc.com/wp-content/media/icons/gen9/rotom-heat.png,0.651,0.39,0.26,0.26,0.13,0.26,0,0,0,0.13,0,0,0.26,0,0,0,0,0,0,0,0,0,0,0,0,0,0,0,0,0,0,0,0,0,0,0,0,0,0,0,0,0,0,0,0,0,0,0,0,0,0,0,0
Corviknight,A,https://limitlessvgc.com/wp-content/media/icons/gen9/corviknight.png,0.651,0.39,0.39,0.781,0.26,0.651,1.041,0.781,0.52,1.562,1.171,1.302,1.432,0.781,0.783,0,0.781,0.52,1.041,0.39,0,0,0.13,0,0.26,0,0,0,0,0.52,0,0,0,0,0,0.13,0,0.13,0,0.13,0,0.26,0.26,0.26,0.26,0.522,0,0,0,0,0,0.065,0
Salazzle,A,https://limitlessvgc.com/wp-content/media/icons/gen9/salazzle.png,0.651,0.39,0,0,0,0,0,0,0,0,0,0,0,0,0,0,0,0,0,0,0,0,0,0,0,0,0,0,0,0,0,0,0,0,0,0,0,0,0,0,0,0,0,0,0,0,0,0,0,0,0,0,0
Tyranitar,A,https://limitlessvgc.com/wp-content/media/icons/gen9/tyranitar.png,0.651,0.26,1.822,2.083,1.562,2.734,0,2.083,2.604,3.255,1.041,0.52,1.432,1.302,0.261,0,1.432,0.39,1.041,0.52,0,0.13,0,0,0.26,0.39,0.39,0.39,0,0,0,0,0.13,0.13,0.13,0,0,0.13,0.13,0.26,0,0.52,0.26,0,0.26,0.261,0,0.13,0,0,0,0.13,0.325
Garganacl,A,https://limitlessvgc.com/wp-content/media/icons/gen9/garganacl.png,0.911,2.083,1.822,1.822,1.822,0.781,1.041,0,0.781,0.651,0.39,0.26,0.911,0.52,0,0,0.13,0,0,0,0,0,0,0,0,0,0,0.13,0,0,0,0,0,0,0,0,0,0,0,0,0,0,0,0.13,0,0,0,0.26,0,0.13,0.13,0,0
Salamence,A,https://limitlessvgc.com/wp-content/media/icons/gen9/salamence.png,0.911,3.125,0,0.26,0.13,0.13,0,0,0.26,0,0.13,0,0,0,0,0,0,0,0,0,0,0,0,0,0.13,0,0.13,0.39,0.651,0,1.041,0.911,0.52,0,0,0,0,0,0,0,0,0,0,0,0,0,0,0,0,0,0,0,0
Hariyama,A,https://limitlessvgc.com/wp-content/media/icons/gen9/hariyama.png,0.911,0.26,0,0,0,0,0,0,0,0,0,0,0,0,0.261,0,0.13,0.13,0,0.13,0,0,0,0,0,0,0,0,0,0,0,0,0,0,0,0,0,0,0,0,0,0,0,0,0,0,0,0,0,0,0,0,0.065
Arcanine,A,https://limitlessvgc.com/wp-content/media/icons/gen9/arcanine.png,1.171,2.343,5.989,4.687,5.729,4.036,6.77,4.687,4.687,4.947,4.817,6.25,3.906,3.125,3.394,8.333,3.515,3.906,2.604,3.776,0.147,0.26,0,0.52,0,0.13,0.13,0.13,0,0,0,0,0,0,0,0,0,0,0,0,0,0,0,0,0,0,0,0,0,0,0,0,0
Grimmsnarl,A,https://limitlessvgc.com/wp-content/media/icons/gen9/grimmsnarl.png,1.171,0.26,1.432,1.041,0.39,1.041,2.083,0.26,0.13,0.651,0.26,0.26,0.39,0.52,0.261,1.041,0.52,0.911,0.26,0.911,1.032,0.26,0.26,0,0.782,0.39,0.651,0.651,0.39,0.52,0.52,0.26,0.13,0.13,0.26,0.13,0.26,0.26,0.651,0.52,0,0.13,0.325,0,1.041,0,0.52,0.52,0.781,0.781,0.39,1.236,1.497
Skeledirge,A,https://limitlessvgc.com/wp-content/media/icons/gen9/skeledirge.png,1.171,0.911,0,0,0.13,0,0,0,0,0,0,0,0,0,0,0.52,0,0,0,0,0,0,0,0,0,0,0,0,0,0,0,0,0,0,0,0,0,0,0,0,0,0.13,0.13,0,0,0,0.13,0,0,0.13,0,0.065,0.065
Indeedee-f,A,https://limitlessvgc.com/wp-content/media/icons/gen9/indeedee-f.png,1.302,0.39,3.515,2.343,2.083,1.953,3.645,3.385,1.822,2.473,1.302,0.52,0.781,1.692,0,1.041,1.562,0.39,1.041,0.911,0.589,0.911,0.911,1.041,1.043,1.041,1.171,1.171,1.171,1.041,0.651,0.781,1.432,1.692,2.994,2.213,1.302,1.822,1.822,1.041,1.562,1.302,1.171,1.432,1.562,1.566,1.432,0.39,0.26,1.692,0.781,1.236,1.497
Rotom-wash,A,https://limitlessvgc.com/wp-content/media/icons/gen9/rotom-wash.png,1.562,0.781,0.26,0.26,0.26,0.52,0.52,0,0.26,0.39,0.26,0.26,0.651,0.39,0.261,0,0.651,0.13,0,0.52,0,0,0,0,0,0,0,0,0.13,0,0,0,0.13,0,0,0.13,0,0,0,0,0,0,0,0,0,0,0,0,0,0,0,0,0
Azumarill,A,https://limitlessvgc.com/wp-content/media/icons/gen9/azumarill.png,1.562,1.822,0.13,0.26,0.13,0,0,0.26,0.26,0,0.781,0.39,1.041,0.651,0,1.041,1.171,0.911,2.604,1.432,0,0.26,0.52,0,0.26,0.26,0,0,0,0,0,0,0.13,0,0,0,0,0,0,0,0,0,0,0,0,0,0,0,0,0,0,0,0
Pawmot,A,https://limitlessvgc.com/wp-content/media/icons/gen9/pawmot.png,1.692,3.255,0.39,0.52,0.26,0.26,0,0.52,0.26,0,0,0.13,0,0.13,0,0.52,0.13,0,0.26,0.13,0,0,0,0,0,0,0,0,0,0,0,0,0.13,0,0,0,0,0,0,0,0,0,0,0,0,0,0,0,0,0,0,0.065,0
Palafin,A,https://limitlessvgc.com/wp-content/media/icons/gen9/palafin.png,1.822,3.515,0.781,0.781,3.255,2.864,1.562,4.166,2.864,3.515,4.817,6.119,2.994,1.562,2.61,5.729,1.562,1.953,1.041,1.432,0.147,0,0.13,0,0,0,0,0,0,0,0,0,0,0,0,0,0,0,0,0,0,0,0,0,0,0,0,0,0,0,0,0,0
Mimikyu,A,https://limitlessvgc.com/wp-content/media/icons/gen9/mimikyu.png,1.953,1.692,0.39,0.781,0.39,0.651,1.041,0.52,0.26,0.26,0.52,0.39,0.651,0.13,0,0,0.26,0,0.26,0,0.589,0.13,0,0,0,0,0,0,0,0,0,0,0,0.13,0,0,0,0,0,0,0,0,0,0,0,0,0,0,0,0,0,0.13,0
Baxcalibur,A,https://limitlessvgc.com/wp-content/media/icons/gen9/baxcalibur.png,2.213,2.213,0.651,1.041,0.911,1.432,0,2.083,1.302,1.692,3.125,2.213,2.604,1.302,2.61,2.083,1.041,1.432,0.781,0.651,0.737,0.651,0.26,0,0.912,0.781,0.651,0.39,0.52,1.041,0.26,0.13,0.39,0.26,0.26,0.26,0,0.39,0.26,0.39,0,0.13,0.52,0.26,0.52,0,0,0.13,0,0.13,0,0,0.065
Armarouge,A,https://limitlessvgc.com/wp-content/media/icons/gen9/armarouge.png,2.213,1.302,3.645,2.343,2.343,1.822,3.645,3.906,1.562,2.473,1.041,0.651,0.651,1.171,0,1.041,0.781,0.26,1.302,0.52,0.442,1.041,0.781,0.52,1.043,1.041,1.171,1.171,0.651,1.041,0.651,0.651,1.171,0.13,0,0.39,0.26,0.13,0.39,0.26,0,0.26,0.13,0.13,0.26,0.522,0,0,0,0,0,0,0.13
Talonflame,A,https://limitlessvgc.com/wp-content/media/icons/gen9/talonflame.png,2.343,1.302,2.604,3.906,2.864,3.645,1.041,2.343,2.864,2.734,1.692,0.911,1.822,2.473,1.827,0.52,2.994,1.302,3.645,3.645,0.147,0,0,0,0,0,0.26,0.13,0,0,0,0.13,0.26,0,0,0.13,0,0,0,0,0,0,0.065,0.13,0,0,0,0,0,0.26,0,0.325,0.065
Maushold,A,https://limitlessvgc.com/wp-content/media/icons/gen9/maushold.png,2.604,2.213,1.692,3.125,2.734,3.255,2.604,2.083,2.734,2.083,1.171,0.911,1.432,1.822,0.522,1.562,1.822,0.651,2.083,2.213,0,0.52,0,1.041,0,0,0.13,0,0,0,0,0.26,0.13,0.13,0,0.13,0,0,0,0,0,0,0.065,0.13,0,0,0,0,0,0.26,0,0.065,0.26
Pelipper,A,https://limitlessvgc.com/wp-content/media/icons/gen9/pelipper.png,2.734,4.296,0.13,0.52,0.651,1.041,0,1.302,0.911,1.041,0.39,0.911,0.26,0.52,0.522,1.041,1.041,0.39,2.083,1.692,1.327,0.781,1.822,0,0,0,0,0.39,0.52,0.52,0,0,0.26,0.39,1.041,0.911,0.52,0.13,0.651,0.39,0,1.302,0.52,0.911,1.822,0,4.557,4.817,4.166,2.734,3.385,2.148,0.781
Annihilape,A,https://limitlessvgc.com/wp-content/media/icons/gen9/annihilape.png,2.734,2.343,1.692,1.822,1.822,1.171,1.041,1.302,1.432,0.781,1.562,1.041,1.302,1.171,1.827,0,1.432,1.953,1.562,1.822,0.294,0.13,0.39,0.52,0.391,0.52,0.26,0.39,0.26,0,0,0,0.13,0.13,0.26,0,0.26,0.26,0.26,0.26,0,0.39,0.195,0.26,0.26,0.522,0.26,0,0,0.781,0.13,0.716,0.39
Dragonite,A,https://limitlessvgc.com/wp-content/media/icons/gen9/dragonite.png,2.864,1.953,2.343,2.343,3.645,3.906,3.645,3.125,4.427,4.296,3.776,4.036,2.604,4.557,3.133,4.166,3.385,4.947,2.864,3.776,0.884,0.781,0.26,0.52,1.303,1.822,1.692,2.473,1.171,0,1.302,1.171,1.692,2.734,1.432,1.171,0.52,1.302,0.781,1.171,1.041,1.302,2.278,2.473,1.302,1.827,0,0.26,0.26,0.13,0.13,0.13,0.195
Volcarona,A,https://limitlessvgc.com/wp-content/media/icons/gen9/volcarona.png,2.864,2.994,1.171,1.041,1.171,1.171,0,0.781,0.911,0.781,0.52,0.13,0.781,0.39,0,0,0,0.26,0,0.26,0.589,0,0.39,0.52,0.13,0.26,0,0.26,0.13,0,0.13,0.911,0.39,0,0,0,0.52,0,0.13,0.52,1.562,0.651,0.13,0.13,0.26,0,0,0,0.52,0.651,0.26,1.432,0.26
Tauros-paldea-aqua,A,https://limitlessvgc.com/wp-content/media/icons/gen9/tauros-paldea-aqua.png,3.125,2.473,0.26,0,0.13,0,0,0,0.13,0,0.26,0,0.39,0.26,0,0.52,0.26,0.39,0.26,0,0,0,0,0,0,0,0,0,0,0,0,0,0,0,0,0,0,0,0,0,0,0,0,0,0,0,0,0,0,0,0,0,0
Garchomp,A,https://limitlessvgc.com/wp-content/media/icons/gen9/garchomp.png,3.125,1.692,0.52,1.041,0.26,1.562,2.083,1.041,0.52,1.692,1.432,1.171,1.953,1.432,0.522,0,1.953,0.651,2.083,2.343,0,0,0,0,0,0,0,0,0.13,0,0,0,0,0,0,0.13,0.26,0.13,0,0.13,0,0.13,0.065,0,0,0,0,0,0,0,0,0,0
Murkrow,A,https://limitlessvgc.com/wp-content/media/icons/gen9/murkrow.png,3.385,1.562,0.13,1.302,1.041,0.781,1.562,0.26,0.13,0.26,0.911,0.651,1.302,1.432,1.305,1.562,0.781,1.171,0.52,0.781,0,0,0,0,0,0,0,0,0,0,0,0,0.13,0,0.13,0,0,0,0,0,0,0,0,0,0,0,0.13,0,0,0,0,0,0
Tatsugiri,A,https://limitlessvgc.com/wp-content/media/icons/gen9/tatsugiri.png,3.776,1.953,3.776,2.864,1.953,1.432,2.083,2.343,1.041,1.302,0.911,1.302,0.911,1.041,0.783,0,1.041,0.13,1.041,1.041,0.442,0.39,0.781,1.041,0.26,0.911,1.171,0.651,0.26,1.041,0.52,0.781,0.26,0.52,0.52,0.781,0.781,0.651,0.39,0.26,0,0.911,0.52,0.651,0.52,0.522,0,0.26,0,0.39,0.13,0.065,0.26
Dondozo,A,https://limitlessvgc.com/wp-content/media/icons/gen9/dondozo.png,3.776,4.817,3.906,3.125,2.473,2.213,2.604,4.427,1.953,2.473,1.692,2.083,1.822,1.953,1.305,0.52,1.822,1.041,1.822,2.083,1.032,0.781,1.302,1.041,0.521,1.041,1.302,0.781,0.781,1.041,1.041,1.041,0.781,0.781,0.651,0.911,1.041,0.781,0.39,0.39,0,1.822,1.953,1.432,1.302,1.305,0.13,0.651,0,0.52,0.781,0.39,0.716
Sylveon,A,https://limitlessvgc.com/wp-content/media/icons/gen9/sylveon.png,4.036,2.473,1.171,1.302,0.39,0.651,0.52,0.52,0.39,0.39,0,0,0.26,0.13,0,0,0,0,0.26,0,0,0.13,0,0,0,0,0.13,0.13,0.39,0,0,0,0,0,0,0,0,0,0.26,0.26,0,0,0.13,0,0.52,0,0,0,0,0.13,0,0.065,0
Hydreigon,A,https://limitlessvgc.com/wp-content/media/icons/gen9/hydreigon.png,4.166,2.343,0.26,0.26,0,0.39,0.52,0.781,0.13,0.26,0,0,0.13,0,0,0,0,0,0.26,0,0,0,0,0,0,0,0,0,0,0,0,0,0,0,0,0,0,0,0,0,0,0,0,0,0,0,0,0,0,0,0,0,0
Kingambit,A,https://limitlessvgc.com/wp-content/media/icons/gen9/kingambit.png,4.687,4.947,2.213,3.385,2.604,2.864,2.604,2.083,4.817,2.604,1.302,3.906,1.432,3.645,3.655,0.52,2.083,2.994,1.562,2.734,0.737,0.781,0.39,1.562,2.998,3.125,3.255,1.692,1.302,1.562,1.302,3.515,4.166,1.562,2.734,3.125,2.604,3.385,2.213,2.864,3.645,1.953,1.562,1.171,1.041,1.044,0.39,0.26,0.26,0,0.39,0.195,0
Meowscarada,A,https://limitlessvgc.com/wp-content/media/icons/gen9/meowscarada.png,6.64,8.854,0.52,0.781,0.26,0.13,0.52,0.781,0.13,0,0.13,0,0,0.13,0,0,0.13,0,0.26,0.13,0,0,0,0,0,0,0,0,0,0,0.13,0.13,0,0,0,0,0,0,0,0,0,0,0,0,0,0,0,0,0,0.13,0,0,0
Amoonguss,A,https://limitlessvgc.com/wp-content/media/icons/gen9/amoonguss.png,7.161,6.119,6.901,4.947,6.119,5.078,6.77,4.427,5.598,5.989,8.203,10.67,6.901,5.468,9.66,9.375,7.031,8.593,5.468,7.031,6.489,5.208,7.421,5.729,2.216,1.953,2.343,2.864,5.598,7.291,4.557,3.776,2.343,3.255,4.947,3.776,3.906,4.817,3.906,2.734,1.562,3.776,3.841,4.427,6.25,4.96,8.854,7.161,7.291,3.515,4.296,3.776,2.929
Gholdengo,A,https://limitlessvgc.com/wp-content/media/icons/gen9/gholdengo.png,8.463,9.375,3.125,6.25,4.817,4.557,3.125,3.645,3.906,3.255,1.432,1.302,2.473,2.343,1.305,2.604,3.255,2.083,4.166,4.557,3.834,3.906,3.255,3.125,1.303,1.432,1.692,2.473,5.078,3.645,6.38,4.947,4.947,1.432,0.781,1.041,1.302,2.083,2.343,1.041,0.52,1.562,2.669,2.994,2.343,2.088,1.562,0.911,1.302,0.911,0.651,1.562,0.651
Krookodile,B,https://limitlessvgc.com/wp-content/media/icons/gen9/krookodile.png,0,0.13,0,0,0,0,0,0,0,0,0,0,0,0,0,0,0.13,0,0.26,0,0,0,0,0,0,0,0,0,0,0,0,0,0,0,0,0,0,0,0,0,0,0,0,0,0,0,0,0,0,0,0,0,0
Bellibolt,B,https://limitlessvgc.com/wp-content/media/icons/gen9/bellibolt.png,0,0.13,0,0,0.13,0,0,0.26,0.13,0,0,0.13,0,0.13,0,0,0,0,0,0,0,0,0,0,0,0,0,0,0,0,0,0,0,0,0,0,0,0,0,0,0,0,0,0,0,0,0,0,0,0,0,0,0
Scovillain,B,https://limitlessvgc.com/wp-content/media/icons/gen9/scovillain.png,0,0.13,0,0,0,0,0,0,0,0,0,0,0,0,0,0,0,0,0,0,0,0,0,0,0,0,0,0,0,0,0,0,0,0,0,0,0,0,0,0,0,0,0,0,0,0,0,0,0,0,0,0,0
Tatsugiri-droopy,B,https://limitlessvgc.com/wp-content/media/icons/gen9/tatsugiri-droopy.png,0,0.13,0.13,0,0.39,0.651,0,0.781,0.52,0.52,0.26,0.39,0.39,0.26,0.783,0.52,0.39,0.651,0.52,0.26,0,0.26,0.13,0,0,0,0,0,0,0,0.13,0,0,0,0,0,0,0,0,0,0,0,0,0,0,0,0,0.13,0,0,0,0,0.39
Rotom-mow,B,https://limitlessvgc.com/wp-content/media/icons/gen9/rotom-mow.png,0,0.13,0,0,0.13,0,0,0,0.13,0,0,0,0,0,0,0,0,0,0,0,0,0,0,0,0,0,0,0,0,0,0,0,0,0,0,0,0,0,0,0,0,0,0,0,0,0,0,0,0,0,0,0,0
Indeedee,B,https://limitlessvgc.com/wp-content/media/icons/gen9/indeedee.png,0,0.13,0,0,0,0,0,0,0,0,0,0,0.13,0,0,0,0,0,0,0,0,0,0,0,0,0,0,0,0,0,0,0,0,0,0,0,0,0,0,0,0,0,0,0,0,0,0,0,0,0,0,0,0
Toxicroak,B,https://limitlessvgc.com/wp-content/media/icons/gen9/toxicroak.png,0,0.26,0,0,0,0,0,0,0,0,0,0,0,0,0,0,0,0,0,0,0,0,0,0,0,0,0,0,0,0,0,0,0,0,0,0,0,0,0,0,0,0,0,0,0,0,0,0,0,0,0,0,0
Oranguru,B,https://limitlessvgc.com/wp-content/media/icons/gen9/oranguru.png,0,0.26,0,0,0,0.26,0,0,0.13,0,0.26,0,0,0.13,0,0,0,0.13,0,0.26,0,0.26,0,0,0,0.13,0.13,0.13,0.13,0,0,0,0,0,0,0,0,0,0,0,0,0,0,0,0,0.261,0,0,0,0,0,0.065,0.065
Magnezone,B,https://limitlessvgc.com/wp-content/media/icons/gen9/magnezone.png,0,0.39,0.13,0,0,0.13,0,0,0,0.13,0,0,0.13,0,0,0,0.13,0.13,0,0,0,0,0,0,0,0,0,0,0,0,0,0,0,0,0,0,0,0,0,0,0,0,0,0,0,0,0,0,0,0,0,0,0
Tatsugiri-stretchy,B,https://limitlessvgc.com/wp-content/media/icons/gen9/tatsugiri-stretchy.png,0,2.604,0,0.26,0.13,0.13,0.52,1.302,0.39,0.52,0.13,0.26,0.52,0.52,0,0,0.13,0.26,0.26,0.39,0.147,0.13,0.39,0,0.26,0.13,0.13,0.13,0.13,0,0,0.13,0.26,0.26,0.13,0.13,0.26,0.13,0,0.13,0,0,0.13,0,0,0,0,0,0,0,0,0,0
Stonjourner,B,https://limitlessvgc.com/wp-content/media/icons/gen9/stonjourner.png,0,0,0.13,0,0,0.39,0,0.26,0,0.26,0.13,0,0.13,0.26,0,0,0.13,0,0,0,0,0,0,0,0,0,0,0,0,0,0,0.13,0,0,0,0,0,0,0,0,0,0,0,0,0,0,0,0,0,0,0,0,0
Drifblim,B,https://limitlessvgc.com/wp-content/media/icons/gen9/drifblim.png,0,0,0.13,0,0,0.13,0,0.26,0,0.39,0,0,0.26,0,0,0,0.26,0,0,0.13,0,0,0,0,0,0,0,0,0,0,0,0,0,0,0,0,0,0,0,0,0,0,0,0,0,0,0,0,0,0,0,0,0
Ditto,B,https://limitlessvgc.com/wp-content/media/icons/gen9/ditto.png,0,0,0.13,0,0,0,0,0,0,0,0,0,0,0,0,0,0,0,0,0,0,0,0,0,0,0,0,0,0,0,0,0,0,0,0,0,0,0,0,0,0,0,0,0,0,0,0.26,0.13,0.26,0.651,0.651,1.236,0.716
Slither-wing,B,https://limitlessvgc.com/wp-content/media/icons/gen9/slither-wing.png,0,0,0.13,0,0,0.13,0,0,0,0,0,0,0,0,0,0,0,0,0.26,0,0,0,0,0,0,0,0,0,0,0,0,0,0,0,0,0,0,0,0,0,0,0,0,0,0,0,0,0,0,0,0,0,0
Jumpluff,B,https://limitlessvgc.com/wp-content/media/icons/gen9/jumpluff.png,0,0,0.13,0,0,0.26,0,0,0,0,0.13,0,0.52,0.651,0.522,0,0.26,0.13,0.781,0.26,0,0,0,0,0,0,0,0,0,0,0,0,0,0.13,0.13,0,0,0,0,0,0,0,0,0,0,0,0,0,0,0,0,0,0
Iron-jugulis,B,https://limitlessvgc.com/wp-content/media/icons/gen9/iron-jugulis.png,0,0,0.26,0.52,0.39,0.39,1.562,0.26,1.562,1.432,0.13,0.13,0,0,0.261,0.52,0,0,0,0,0,0,0,0,0,0,0,0,0,0,0,0,0.13,0,0.13,0.13,0,0.52,0.26,0,0,0.13,0,0,0,0,0.651,0.13,0,0.26,0.26,0.195,0.065
Scream-tail,B,https://limitlessvgc.com/wp-content/media/icons/gen9/scream-tail.png,0,0,0.52,0.52,0.26,0.39,1.041,0.26,0.39,0.52,0.39,0.26,1.041,0.52,0.783,0,0.651,0.781,1.041,1.692,0.147,0.13,0.39,0,0.391,0.13,0.26,0.13,0.39,0,0,0,0.39,0.26,0.26,0.13,0,0.26,0,0,0,0.13,0.065,0.13,0,0,0.13,0.13,0.26,0.651,0.39,0.325,0.26
Iron-moth,B,https://limitlessvgc.com/wp-content/media/icons/gen9/iron-moth.png,0,0,0.781,0.52,1.171,0.52,0.52,0.52,0.52,0.13,0.13,0,0.26,0.26,0,0.52,0,0.13,0.26,0.13,0,0.13,0,0,0,0,0,0,0,0,0,0,0,0,0,0,0,0,0.13,0,0,0.13,0.065,0,0,0,0,0,0,0.13,0,0,0
Sandy-shocks,B,https://limitlessvgc.com/wp-content/media/icons/gen9/sandy-shocks.png,0,0,1.171,0.26,0.781,0.781,0,0.52,0.52,0.781,0.39,0.39,0.13,0.26,0,0,0.13,0,0.52,0.13,0,0.26,0.13,0,0,0,0,0,0,0,0.26,0.26,0,0,0,0,0,0,0,0,0,0,0,0,0,0,0,0,0,0,0,0.065,0
Brute-bonnet,B,https://limitlessvgc.com/wp-content/media/icons/gen9/brute-bonnet.png,0,0,2.473,1.562,2.604,1.562,1.562,1.822,1.041,0.651,0.26,0.26,0.13,0.651,0.783,0,0.52,0.651,0.52,0.26,0,0.13,0,0.52,0,0,0,0,0,0,0,0,0,0,0,0,0,0,0.13,0,0,0,0.065,0,0,0,0,0,0,0.26,0.26,0.065,0.065
Great-tusk,B,https://limitlessvgc.com/wp-content/media/icons/gen9/great-tusk.png,0,0,2.864,5.468,5.078,5.208,4.166,3.906,8.203,5.468,2.994,2.083,2.473,3.515,4.177,3.125,2.994,3.515,2.864,2.083,0,0,0.13,0,0,0,0.13,0,0,0,0,0,0,0,0,0,0.26,0,0,0,0,0,0,0,0.26,0.261,0,0,0,0,0,0,0
Roaring-moon,B,https://limitlessvgc.com/wp-content/media/icons/gen9/roaring-moon.png,0,0,3.385,3.125,4.947,2.734,3.645,2.864,3.255,2.473,0.911,0.39,1.302,0.39,0.522,1.041,0.26,0.26,1.041,0.781,0.884,0.26,0.52,0.52,0.651,1.692,0.911,2.213,3.515,4.687,3.385,2.473,2.213,0.26,0.39,1.302,1.822,0.651,1.041,0.911,1.041,0.39,1.302,0.651,1.562,2.349,0.13,0.13,0,0.13,0,0.065,0.195
Iron-bundle,B,https://limitlessvgc.com/wp-content/media/icons/gen9/iron-bundle.png,0,0,7.552,8.333,7.812,7.942,5.208,3.645,7.552,5.859,3.515,3.645,6.25,6.77,4.699,3.125,5.598,7.942,4.687,4.817,0.294,0.651,0.52,0,2.737,2.604,2.343,2.213,1.302,1.041,0.52,1.562,1.041,0.26,0.52,0.26,0.52,0.13,0.39,0,0,0.26,0.26,0,0.26,0.261,0.26,0.13,0,0.651,0.13,0.26,0.065
Flutter-mane,B,https://limitlessvgc.com/wp-content/media/icons/gen9/flutter-mane.png,0,0,8.333,7.552,8.723,9.244,9.375,9.635,9.635,9.895,12.1,13.02,9.895,11.45,13.57,13.54,11.58,12.1,11.97,12.1,11.94,10.28,11.06,11.97,8.344,9.114,8.593,7.812,7.812,8.333,7.682,7.291,8.072,10.02,11.06,11.19,9.114,9.114,8.723,8.463,9.375,7.682,6.705,7.421,6.25,7.571,3.385,3.515,5.208,5.078,4.296,3.58,2.734
Iron-hands,B,https://limitlessvgc.com/wp-content/media/icons/gen9/iron-hands.png,0,0,8.984,5.208,6.64,6.51,7.291,6.25,4.557,6.64,3.906,4.557,3.125,3.385,6.527,2.604,6.51,5.859,6.25,7.942,7.817,8.203,8.723,6.25,9.778,9.244,8.463,7.161,8.593,8.854,7.421,6.64,5.989,1.302,0.911,1.302,1.562,1.562,1.953,1.171,0.52,1.171,0.976,0.13,1.562,0.522,0.39,0.651,1.041,2.343,2.213,4.036,4.492
Klefki,B,https://limitlessvgc.com/wp-content/media/icons/gen9/klefki.png,0,0,0,0.26,0,0.39,0,0.781,0,0.26,0.39,0.13,0.39,0,0.261,0,0.13,0,0.52,0.13,0.147,0.13,0,0,0,0,0,0,0,0,0,0,0,0,0,0,0,0,0,0,0,0,0,0,0,0,0,0,0,0,0,0,0.195
Vivillon,B,https://limitlessvgc.com/wp-content/media/icons/gen9/vivillon.png,0,0,0,0.26,0,0.39,0,0.52,0.13,0.26,0.13,0,0.13,0.26,0,0,0,0.13,0,0.13,0,0,0,0,0,0,0,0,0,0,0,0,0,0,0,0,0,0,0,0,0,0,0,0,0,0,0,0,0,0,0,0,0
Coalossal,B,https://limitlessvgc.com/wp-content/media/icons/gen9/coalossal.png,0,0,0,0,0.13,0.13,0,0,0,0,0.13,0,0,0,0,0,0.13,0.13,0,0,0,0,0,0,0,0,0,0,0,0,0,0,0,0,0,0,0,0,0,0,0,0,0,0,0,0,0,0,0,0,0,0,0
Iron-treads,B,https://limitlessvgc.com/wp-content/media/icons/gen9/iron-treads.png,0,0,0,0,0.13,0,0.52,0.26,0,0,0.13,0,0,0.13,0,0,0,0,0,0,0,0,0,0,0,0,0,0,0,0,0,0,0,0,0,0,0,0,0,0,0,0,0,0,0,0,0,0,0,0.26,0.13,0,0.13
Houndstone,B,https://limitlessvgc.com/wp-content/media/icons/gen9/houndstone.png,0,0,0,0,0.13,0.13,0,0,0,0.13,0,0,0,0,0,0,0,0.13,0,0,0,0,0,0,0.13,0,0,0,0,0,0,0,0,0,0,0,0,0,0,0,0,0,0,0,0,0,0,0,0,0,0,0,0
Electrode,B,https://limitlessvgc.com/wp-content/media/icons/gen9/electrode.png,0,0,0,0,0,0.13,0,0,0,0,0,0,0,0,0,0,0,0,0,0,0,0,0,0,0,0,0,0,0,0,0,0,0,0,0,0,0,0,0,0,0,0,0,0,0,0,0,0,0,0,0,0,0
Umbreon,B,https://limitlessvgc.com/wp-content/media/icons/gen9/umbreon.png,0,0,0,0,0,0.13,0,0,0,0,0,0,0,0,0,0,0,0,0,0,0,0,0,0,0,0,0,0,0,0,0,0,0,0,0,0,0,0,0,0,0,0,0,0,0,0,0,0,0,0.13,0,0.325,0.065
Camerupt,B,https://limitlessvgc.com/wp-content/media/icons/gen9/camerupt.png,0,0,0,0,0,0.13,0,0,0,0,0,0,0,0,0,0,0,0,0,0,0,0,0,0,0,0,0,0,0,0,0,0,0,0,0,0,0,0,0,0,0,0,0,0,0,0,0,0,0,0,0,0,0
Orthworm,B,https://limitlessvgc.com/wp-content/media/icons/gen9/orthworm.png,0,0,0,0,0,0.13,0,0,0,0.13,0,0.13,0.26,0.651,0,0,0.911,0.651,0.52,0.911,0,0,0,0,0,0,0,0,0,0,0,0,0,0,0,0,0,0,0,0,0,0,0,0,0,0,0,0,0,0,0,0,0
Muk,B,https://limitlessvgc.com/wp-content/media/icons/gen9/muk.png,0,0,0,0,0,0.13,0,0,0,0,0,0,0,0,0,0,0,0,0,0,0,0,0,0,0,0,0,0,0,0,0,0,0,0,0,0,0,0,0,0,0,0,0,0,0,0,0,0,0,0,0,0,0
Flamigo,B,https://limitlessvgc.com/wp-content/media/icons/gen9/flamigo.png,0,0,0,0,0,0.26,0,0.781,0,0.13,0,0,0.13,0,0,0,0,0,0,0.39,0,0,0,0,0,0,0,0,0,0,0,0,0,0,0,0,0,0,0,0,0,0,0,0,0,0,0,0,0,0,0,0,0
Florges,B,https://limitlessvgc.com/wp-content/media/icons/gen9/florges.png,0,0,0,0,0,0,0.52,0,0,0,0,0,0,0,0,0,0,0,0,0,0,0,0,0,0,0,0,0,0,0,0,0,0,0,0,0,0,0,0,0,0,0,0,0,0,0,0,0,0,0,0,0,0
Iron-valiant,B,https://limitlessvgc.com/wp-content/media/icons/gen9/iron-valiant.png,0,0,0,0,0,0,0.52,0.52,0,0,0,0,0,0,0,0,0,0,0,0,0,0.13,0,0,0,0.13,0,0,0,0,0.13,0.26,0.13,0,0,0,0,0,0,0,0,0,0,0,0,0,0.13,0.13,0,0.13,0,0.065,0.065
Gothorita,B,https://limitlessvgc.com/wp-content/media/icons/gen9/gothorita.png,0,0,0,0,0,0,0.52,0,0,0,0,0,0,0,0,0,0,0,0,0,0,0,0,0,0,0,0,0,0,0,0,0,0,0,0,0,0,0,0,0,0,0,0,0,0,0,0,0,0,0,0,0,0
Bombirdier,B,https://limitlessvgc.com/wp-content/media/icons/gen9/bombirdier.png,0,0,0,0,0,0,0,0.26,0,0,0,0,0,0,0,0,0,0,0,0,0,0,0,0,0,0,0,0,0,0,0,0,0,0,0,0,0,0,0,0,0,0,0,0,0,0,0,0,0,0,0,0,0
Grafaiai,B,https://limitlessvgc.com/wp-content/media/icons/gen9/grafaiai.png,0,0,0,0,0,0,0,0,0.13,0,0,0,0,0.13,0,0,0,0,0,0,0,0,0,0,0,0,0,0,0,0,0,0,0,0,0,0,0,0,0,0,0,0,0,0,0,0,0,0,0,0,0.13,0.065,0
Bronzong,B,https://limitlessvgc.com/wp-content/media/icons/gen9/bronzong.png,0,0,0,0,0,0,0,0,0.13,0,0,0.13,0.39,0.13,0.522,0,0,0.26,0,0,0,0,0,0,0,0,0,0,0.13,0,0,0.13,0,0.13,0,0.13,0,0,0.13,0.26,0,0,0.195,0,0.52,0.261,0,0,0,0,0,0,0
Squawkabilly,B,https://limitlessvgc.com/wp-content/media/icons/gen9/squawkabilly.png,0,0,0,0,0,0,0,0,0.13,0,0,0,0,0,0,0,0,0,0,0,0,0,0,0,0,0,0,0,0,0,0,0,0,0,0,0,0,0,0,0,0,0,0,0,0,0,0,0,0,0,0,0,0
Goodra,B,https://limitlessvgc.com/wp-content/media/icons/gen9/goodra.png,0,0,0,0,0,0,0,0,0.13,0,0,0,0,0,0,0,0,0,0,0,0,0,0,0,0,0,0,0,0,0,0,0,0,0,0,0,0,0,0,0,0,0,0,0,0,0,0,0,0,0,0,0,0
Iron-thorns,B,https://limitlessvgc.com/wp-content/media/icons/gen9/iron-thorns.png,0,0,0,0,0,0,0,0,0.13,0,0,0,0.13,0.13,0,0,0.13,0,0,0,0,0,0,0,0,0,0,0,0,0,0,0,0,0,0,0,0,0,0,0,0,0,0,0,0,0,0,0,0,0,0,0,0
Pincurchin,B,https://limitlessvgc.com/wp-content/media/icons/gen9/pincurchin.png,0,0,0,0,0,0,0,0,0,0.13,0,0,0,0,0,0,0,0,0,0,0,0,0,0,0,0,0,0,0,0,0,0,0,0,0,0,0,0,0,0,0,0,0,0,0,0,0,0,0,0,0,0,0
Rabsca,B,https://limitlessvgc.com/wp-content/media/icons/gen9/rabsca.png,0,0,0,0,0,0,0,0,0,0.13,0,0,0,0,0,0,0,0,0,0,0,0,0,0,0,0,0,0,0,0,0,0,0,0,0,0,0,0,0,0,0,0,0,0,0,0,0,0,0,0,0,0,0
Dragalge,B,https://limitlessvgc.com/wp-content/media/icons/gen9/dragalge.png,0,0,0,0,0,0,0,0,0,0.13,0,0,0,0,0,0,0,0,0,0,0,0,0,0,0,0,0,0,0,0,0,0,0,0,0,0,0,0,0,0,0,0,0,0,0,0,0,0,0,0,0,0,0
Dachsbun,B,https://limitlessvgc.com/wp-content/media/icons/gen9/dachsbun.png,0,0,0,0,0,0,0,0,0,0,0.13,0,0,0.13,0,0,0,0,0,0,0,0,0,0,0,0,0,0,0,0,0,0,0,0,0,0,0,0,0,0,0,0,0,0,0,0,0,0,0,0,0,0,0
Braviary,B,https://limitlessvgc.com/wp-content/media/icons/gen9/braviary.png,0,0,0,0,0,0,0,0,0,0,0.13,0,0.13,0,0,0,0,0.13,0.26,0,0,0,0,0,0,0,0,0,0,0,0,0,0,0,0,0,0,0,0,0,0,0,0,0,0,0,0,0,0,0,0,0,0
Toxapex,B,https://limitlessvgc.com/wp-content/media/icons/gen9/toxapex.png,0,0,0,0,0,0,0,0,0,0,0.13,0,0,0.13,0,0,0,0.13,0,0,0,0,0,0,0,0,0,0,0,0,0,0,0,0,0,0,0,0,0,0,0,0,0,0,0,0,0,0.26,0,0,0,0,0
Leafeon,B,https://limitlessvgc.com/wp-content/media/icons/gen9/leafeon.png,0,0,0,0,0,0,0,0,0,0,0.13,0,0,0,0,0,0,0,0,0,0,0,0,0,0,0,0,0,0,0,0,0,0,0,0,0,0,0,0,0,0,0,0,0,0,0,0,0,0,0,0,0,0
Hawlucha,B,https://limitlessvgc.com/wp-content/media/icons/gen9/hawlucha.png,0,0,0,0,0,0,0,0,0,0,0.13,0.13,0.13,0,0,0.52,0.26,0,0,0.13,0,0,0,0,0,0,0,0,0,0,0,0,0,0,0,0,0,0,0,0,0,0,0,0,0,0,0,0,0,0,0,0,0
Wo-chien,C,https://limitlessvgc.com/wp-content/media/icons/gen9/wo-chien.png,0,0,0,0,0,0,0,0,0,0,1.822,0.39,0.781,0.52,0,2.604,0.13,0.39,0.52,0.13,0.147,0.13,0,0,0,0,0,0,0,0,0,0,0,0.13,0,0,0,0,0,0,0,0,0.065,0,0,0,0.13,0,0,0,0.13,0.325,0.13
Chien-pao,C,https://limitlessvgc.com/wp-content/media/icons/gen9/chien-pao.png,0,0,0,0,0,0,0,0,0,0,4.036,3.255,3.776,5.598,4.177,4.166,3.515,5.208,2.864,4.296,7.227,4.687,7.031,5.208,3.65,2.734,2.994,4.557,3.125,2.083,3.515,3.515,2.994,7.031,3.645,2.473,2.083,2.864,1.562,5.468,5.729,5.078,5.208,5.078,3.125,5.744,1.432,2.213,3.385,2.864,1.562,2.799,1.367
Ting-lu,C,https://limitlessvgc.com/wp-content/media/icons/gen9/ting-lu.png,0,0,0,0,0,0,0,0,0,0,5.208,5.989,4.947,2.994,5.483,7.812,4.687,5.078,4.687,5.078,0.147,0.26,0.13,0,0,0,0.13,0.13,0,0,0,0,0,0,0,0,0.781,1.171,0.52,0.13,0,1.041,1.367,1.041,1.041,0.783,0.39,0.651,0.26,1.302,0.651,0.651,0.13
Chi-yu,C,https://limitlessvgc.com/wp-content/media/icons/gen9/chi-yu.png,0,0,0,0,0,0,0,0,0,0,5.208,6.64,5.598,5.729,8.355,4.687,5.208,8.203,4.947,4.296,2.949,4.166,4.557,3.645,3.389,1.953,2.604,1.041,2.213,1.562,1.171,0.781,1.692,0.781,2.083,1.822,1.562,1.302,1.432,1.041,1.041,1.692,0.846,0.52,0.26,0.261,1.041,1.822,3.645,5.598,4.296,3.32,2.929
Revavroom,D,https://limitlessvgc.com/wp-content/media/icons/gen9/revavroom.png,0,0,0,0,0,0,0,0,0,0,0,0,0.13,0,0,0,0,0,0,0,0,0,0,0,0,0,0,0,0,0,0,0,0,0,0,0,0,0,0,0,0,0,0,0,0,0,0,0,0,0,0,0,0
Tsareena,D,https://limitlessvgc.com/wp-content/media/icons/gen9/tsareena.png,0,0,0,0,0,0,0,0,0,0,0,0,0.13,0,0.783,0,0.13,0.13,0,0,0,0,0,0,0,0,0,0,0,0,0,0,0,0,0,0.26,0,0,0,0,0,0,0,0.13,0,0,1.041,0.26,0.26,0.781,0.39,0.26,0.26
Dudunsparce,D,https://limitlessvgc.com/wp-content/media/icons/gen9/dudunsparce.png,0,0,0,0,0,0,0,0,0,0,0,0,0,0,0.261,0,0,0,0,0,0,0,0,0,0,0,0,0,0,0,0,0,0,0,0,0,0,0,0,0,0,0,0,0,0,0,0,0,0,0,0,0,0
Brambleghast,D,https://limitlessvgc.com/wp-content/media/icons/gen9/brambleghast.png,0,0,0,0,0,0,0,0,0,0,0,0,0,0,0,0,0.13,0,0,0,0.147,0.52,0.39,1.041,0.13,0,0,0,0.39,0.52,1.041,1.302,0.911,0,0,0,0,0,0,0,0,0,0,0,0,0,0,0,0,0,0,0,0
Qwilfish,D,https://limitlessvgc.com/wp-content/media/icons/gen9/qwilfish.png,0,0,0,0,0,0,0,0,0,0,0,0,0,0,0,0,0.13,0,0,0,0,0,0,0,0,0,0,0,0,0,0,0,0,0,0,0,0,0,0,0,0,0,0,0,0,0,0,0,0,0,0,0,0
Raichu,D,https://limitlessvgc.com/wp-content/media/icons/gen9/raichu.png,0,0,0,0,0,0,0,0,0,0,0,0,0,0,0,0,0,0.13,0,0.13,0,0,0,0,0,0,0,0,0,0,0,0,0,0,0,0,0,0,0,0,0,0,0,0,0,0,0.13,0,0,0,0.13,0.065,0
Zoroark,D,https://limitlessvgc.com/wp-content/media/icons/gen9/zoroark.png,0,0,0,0,0,0,0,0,0,0,0,0,0,0,0,0,0,0.13,0,0,0,0,0,0,0,0,0,0,0,0,0,0,0,0,0,0,0,0,0,0,0,0,0,0,0,0,0,0,0,0,0,0,0
Goodra-hisui,D,https://limitlessvgc.com/wp-content/media/icons/gen9/goodra-hisui.png,0,0,0,0,0,0,0,0,0,0,0,0,0,0,0,0,0,0,0,0,0.147,0,0.651,1.041,0.13,0,0.39,0.39,0,0.52,0,0,0,0,0.13,0,0,0.26,0.13,0.13,0,0.13,0,0.13,0,0,0,0.13,0,0.13,0.13,0,0
Tornadus-therian,D,https://limitlessvgc.com/wp-content/media/icons/gen9/tornadus-therian.png,0,0,0,0,0,0,0,0,0,0,0,0,0,0,0,0,0,0,0,0,0.147,0,0,0,0,0,0,0,0.13,0,0,0.13,0.13,0,0,0,0,0,0,0,0,0,0,0,0,0,0,0,0,0,0,0,0
Lilligant-hisui,D,https://limitlessvgc.com/wp-content/media/icons/gen9/lilligant-hisui.png,0,0,0,0,0,0,0,0,0,0,0,0,0,0,0,0,0,0,0,0,0.147,0.39,0.52,0,0.521,0.26,0.651,0.13,0.39,0.52,0.13,0,0.26,0.13,0,0.39,0.781,0.13,0.26,0.26,0,0.13,0.195,0.26,0.52,0,0.13,0,0,0,0,0.195,0
Articuno,D,https://limitlessvgc.com/wp-content/media/icons/gen9/articuno.png,0,0,0,0,0,0,0,0,0,0,0,0,0,0,0,0,0,0,0,0,0.294,0.13,0.13,0,0,0,0,0,0,0,0,0,0,0,0.13,0.13,0,0,0,0.26,0.52,0.39,0.26,0.13,0,0.522,0,0,0,0,0,0,0
Sneasler,D,https://limitlessvgc.com/wp-content/media/icons/gen9/sneasler.png,0,0,0,0,0,0,0,0,0,0,0,0,0,0,0,0,0,0,0,0,0.294,0.26,0,0,0.26,0,0,0,0.13,0,0,0,0,0,0,0,0,0,0,0,0,0.26,0,0,0,0.261,0,0,0,0.13,0,0,0
Landorus,D,https://limitlessvgc.com/wp-content/media/icons/gen9/landorus.png,0,0,0,0,0,0,0,0,0,0,0,0,0,0,0,0,0,0,0,0,0.442,0.13,0.13,0,0.26,0,0.13,0.13,0.13,0.52,0.781,2.343,1.953,3.515,2.734,1.692,1.302,2.864,3.776,6.38,5.729,5.468,5.598,5.989,4.687,7.571,0.39,1.041,1.041,1.302,0.781,1.236,1.757
Moltres-galar,D,https://limitlessvgc.com/wp-content/media/icons/gen9/moltres-galar.png,0,0,0,0,0,0,0,0,0,0,0,0,0,0,0,0,0,0,0,0,0.442,0.39,0,0,0.13,0.13,0,0.39,0.26,0,0,0,0,0.13,0,0,0,0.26,0.13,0.26,0,0,0.065,0.26,0.26,0,0.13,0.911,0.26,0.26,0.13,0.39,0.065
Regidrago,D,https://limitlessvgc.com/wp-content/media/icons/gen9/regidrago.png,0,0,0,0,0,0,0,0,0,0,0,0,0,0,0,0,0,0,0,0,0.442,0.651,0,0.52,0,0,0.651,0.52,0.651,1.041,0.911,1.041,2.213,1.041,0.52,0.39,0.52,0.52,0.39,0.13,0.52,0.39,0.13,0.39,0.781,0,0.26,0.13,0.26,0.52,0.26,0.325,0.325
Zapdos,D,https://limitlessvgc.com/wp-content/media/icons/gen9/zapdos.png,0,0,0,0,0,0,0,0,0,0,0,0,0,0,0,0,0,0,0,0,0.589,0.26,0.13,0,0.13,0,0,0,0,0,0,0.13,0,0,0,0,0,0,0,0,0,0,0,0,0,0,0,0.13,0,0,0,0.065,0
Thundurus,D,https://limitlessvgc.com/wp-content/media/icons/gen9/thundurus.png,0,0,0,0,0,0,0,0,0,0,0,0,0,0,0,0,0,0,0,0,0.589,0.651,0.52,0,0.13,0.26,0.13,0,0,0,0,0.26,0.13,0.52,0.13,0.13,0,0,0,0,0,0.26,0.065,0.52,0,0,0.13,0.13,0.52,0.13,0.26,0.325,0.065
Basculegion,D,https://limitlessvgc.com/wp-content/media/icons/gen9/basculegion.png,0,0,0,0,0,0,0,0,0,0,0,0,0,0,0,0,0,0,0,0,1.032,0.39,0.52,0,0,0.26,0,0.13,0,0,0.26,0.26,0,0,0,0.13,0,0,0,0,0,0,0,0,0,0,0,0,0,0,0,0,0.195
Cresselia,D,https://limitlessvgc.com/wp-content/media/icons/gen9/cresselia.png,0,0,0,0,0,0,0,0,0,0,0,0,0,0,0,0,0,0,0,0,1.622,2.343,2.213,2.083,1.955,1.562,1.692,1.041,0.39,0.52,0.911,0.781,0.651,0.26,0.52,0.781,0.52,0.52,0.911,0.911,0,0.651,0.651,0.13,0,1.044,0.13,0.13,0.52,0.13,0,0,0
Ursaluna,D,https://limitlessvgc.com/wp-content/media/icons/gen9/ursaluna.png,0,0,0,0,0,0,0,0,0,0,0,0,0,0,0,0,0,0,0,0,1.917,1.562,1.562,2.604,1.303,1.041,0.911,0.39,0.651,0.52,0.781,1.041,1.041,0.911,1.432,1.041,0.52,0.52,0.911,0.781,0.52,1.041,1.041,1.302,2.343,0.783,0.26,0.13,0.26,0.651,1.041,0.585,0.26
Urshifu,D,https://limitlessvgc.com/wp-content/media/icons/gen9/urshifu.png,0,0,0,0,0,0,0,0,0,0,0,0,0,0,0,0,0,0,0,0,2.507,2.864,2.994,1.562,1.303,1.432,1.302,1.822,1.562,2.604,2.083,1.822,1.953,2.083,5.338,5.989,4.687,5.729,7.291,5.078,4.166,3.645,3.45,2.343,8.854,2.349,1.953,1.692,1.041,1.432,2.083,1.822,1.953
Arcanine-hisui,D,https://limitlessvgc.com/wp-content/media/icons/gen9/arcanine-hisui.png,0,0,0,0,0,0,0,0,0,0,0,0,0,0,0,0,0,0,0,0,2.507,2.864,2.083,2.083,2.216,1.953,2.213,4.947,4.036,4.687,6.51,4.687,4.036,0.26,1.171,0.781,0,1.041,1.171,0.781,2.604,0.781,0.585,0.52,0,1.566,0,0,0,0,0,0.065,0.065
Heatran,D,https://limitlessvgc.com/wp-content/media/icons/gen9/heatran.png,0,0,0,0,0,0,0,0,0,0,0,0,0,0,0,0,0,0,0,0,4.867,4.296,3.906,4.687,2.607,4.817,4.947,4.687,5.338,5.208,4.687,4.166,3.515,0.52,0.26,0.52,0.26,0.26,0.39,0.52,1.041,0.26,0.455,0.13,0,0.261,0,0,0,0,0,0.065,0
Rillaboom,D,https://limitlessvgc.com/wp-content/media/icons/gen9/rillaboom.png,0,0,0,0,0,0,0,0,0,0,0,0,0,0,0,0,0,0,0,0,5.162,5.729,4.166,4.166,4.172,4.817,5.208,5.859,4.687,4.687,6.38,6.51,6.64,4.817,2.083,2.864,4.687,3.515,3.255,5.859,8.333,3.776,4.817,4.687,3.385,4.177,4.166,5.859,5.208,5.468,7.161,5.403,7.291
Landorus-therian,D,https://limitlessvgc.com/wp-content/media/icons/gen9/landorus-therian.png,0,0,0,0,0,0,0,0,0,0,0,0,0,0,0,0,0,0,0,0,5.604,6.51,6.77,8.854,9.647,9.114,8.723,6.38,7.421,7.291,5.078,4.687,3.515,1.041,0,0.651,0,0.13,0,0.13,1.041,0.39,0.52,0.13,1.041,0.522,0,0,0,0,0.26,0,0
Tornadus,D,https://limitlessvgc.com/wp-content/media/icons/gen9/tornadus.png,0,0,0,0,0,0,0,0,0,0,0,0,0,0,0,0,0,0,0,0,6.194,7.291,5.989,10.41,3.259,4.166,4.427,4.166,5.598,4.687,7.161,6.77,6.64,4.036,5.338,5.598,4.947,5.598,5.078,2.994,4.166,4.427,3.255,3.385,2.864,3.655,4.817,4.427,5.208,3.385,4.036,4.036,1.953
Urshifu-rapid-strike,D,https://limitlessvgc.com/wp-content/media/icons/gen9/urshifu-rapid-strike.png,0,0,0,0,0,0,0,0,0,0,0,0,0,0,0,0,0,0,0,0,7.817,7.812,8.854,9.895,3.65,4.036,5.208,6.119,7.161,5.729,8.984,7.552,8.072,5.338,4.036,2.864,4.947,2.734,2.604,4.947,5.208,4.557,5.924,7.552,0,6.266,8.463,7.161,5.208,3.645,5.729,5.989,9.765
Decidueye,D,https://limitlessvgc.com/wp-content/media/icons/gen9/decidueye.png,0,0,0,0,0,0,0,0,0,0,0,0,0,0,0,0,0,0,0,0,0,0.13,0,0,0,0,0,0,0,0,0,0,0,0,0,0,0,0,0,0,0,0,0,0,0,0,0,0,0,0,0,0,0
Spectrier,D,https://limitlessvgc.com/wp-content/media/icons/gen9/spectrier.png,0,0,0,0,0,0,0,0,0,0,0,0,0,0,0,0,0,0,0,0,0,0.13,0.13,0,0,0,0.13,0,0,0,0,0,0,0,0,0,0,0,0.13,0,0,0,0,0,0,0,0,0,0,0,0,0,0
Regieleki,D,https://limitlessvgc.com/wp-content/media/icons/gen9/regieleki.png,0,0,0,0,0,0,0,0,0,0,0,0,0,0,0,0,0,0,0,0,0,0.13,0.13,0,0,0.13,0,0,0.26,0.52,0,0,0.13,0,0,0,0,0,0.13,0.26,0,0,0.065,0,0.26,0,0.13,0.13,0,0.39,0,0.195,0.065
Kleavor,D,https://limitlessvgc.com/wp-content/media/icons/gen9/kleavor.png,0,0,0,0,0,0,0,0,0,0,0,0,0,0,0,0,0,0,0,0,0,0.13,0,0,0,0,0,0,0,0,0,0,0,0,0,0,0,0,0,0,0,0,0,0,0,0,0,0,0,0,0,0,0
Slowbro,D,https://limitlessvgc.com/wp-content/media/icons/gen9/slowbro.png,0,0,0,0,0,0,0,0,0,0,0,0,0,0,0,0,0,0,0,0,0,0.13,0,0,0.13,0,0,0,0,0,0,0,0,0,0,0,0,0,0,0,0,0,0,0,0,0,0,0,0,0.13,0,0,0
Glastrier,D,https://limitlessvgc.com/wp-content/media/icons/gen9/glastrier.png,0,0,0,0,0,0,0,0,0,0,0,0,0,0,0,0,0,0,0,0,0,0.13,0,0,0,0,0,0,0,0,0,0,0,0,0,0,0,0,0,0,0,0,0,0,0.26,0,0,0,0,0,0,0,0.065
Bruxish,D,https://limitlessvgc.com/wp-content/media/icons/gen9/bruxish.png,0,0,0,0,0,0,0,0,0,0,0,0,0,0,0,0,0,0,0,0,0,0.26,0,0.52,0,0,0,0,0,0,0,0,0,0,0,0,0,0,0,0,0,0,0,0,0,0,0,0,0,0,0,0,0
Enamorus-therian,D,https://limitlessvgc.com/wp-content/media/icons/gen9/enamorus-therian.png,0,0,0,0,0,0,0,0,0,0,0,0,0,0,0,0,0,0,0,0,0,0.39,0.13,0,0.26,0,0.26,0,0,0,0.26,0.651,0.13,0.13,0,0,0.26,0.13,0,0,0,0,0.065,0.26,0,0.261,0,0,0,0,0,0,0
Enamorus,D,https://limitlessvgc.com/wp-content/media/icons/gen9/enamorus.png,0,0,0,0,0,0,0,0,0,0,0,0,0,0,0,0,0,0,0,0,0,0,0.13,0,0,0,0,0,0,0,0,0,0.13,0,0,0,0,0,0,0,0,0,0,0,0,0,0,0,0,0,0,0,0
Barraskewda,E,https://limitlessvgc.com/wp-content/media/icons/gen9/barraskewda.png,0,0,0,0,0,0,0,0,0,0,0,0,0,0,0,0,0,0,0,0,0,0,0.13,0,0,0,0,0,0,0,0,0,0,0,0,0,0,0,0,0,0,0,0,0,0,0,0,0,0,0,0,0,0
Moltres,E,https://limitlessvgc.com/wp-content/media/icons/gen9/moltres.png,0,0,0,0,0,0,0,0,0,0,0,0,0,0,0,0,0,0,0,0,0,0,0.13,0,0,0,0,0,0,0,0,0,0,0,0,0,0,0,0,0,0,0,0,0,0,0,0,0,0,0,0,0,0
Weezing-galar,E,https://limitlessvgc.com/wp-content/media/icons/gen9/weezing-galar.png,0,0,0,0,0,0,0,0,0,0,0,0,0,0,0,0,0,0,0,0,0,0,0,0,0.13,0.13,0,0.26,0,0,0,0,0,0,0,0.52,0,0,0,0,0,0,0,0,0,0,0,0,0,0,0,0,0.651
Zoroark-hisui,E,https://limitlessvgc.com/wp-content/media/icons/gen9/zoroark-hisui.png,0,0,0,0,0,0,0,0,0,0,0,0,0,0,0,0,0,0,0,0,0,0,0,0,0.13,0.13,0,0,0,0,0.13,0.26,0,0,0.13,0,0.26,0,0,0.13,0,0.13,0,0.13,0,0,0,0.13,0,0,0,0.065,0
Mamoswine,E,https://limitlessvgc.com/wp-content/media/icons/gen9/mamoswine.png,0,0,0,0,0,0,0,0,0,0,0,0,0,0,0,0,0,0,0,0,0,0,0,0,0.13,0.26,0.13,0,0,0,0,0,0,0,0,0.13,0,0,0,0,0,0,0.065,0.13,0,0,0,0,0,0.13,0,0,0
Munkidori,E,https://limitlessvgc.com/wp-content/media/icons/gen9/munkidori.png,0,0,0,0,0,0,0,0,0,0,0,0,0,0,0,0,0,0,0,0,0,0,0,0,0.13,0,0.13,0,0,0,0,0,0,0,0,0,0,0,0,0,0,0,0,0.13,0,0,0,0,0,0,0,0,0
Dusclops,E,https://limitlessvgc.com/wp-content/media/icons/gen9/dusclops.png,0,0,0,0,0,0,0,0,0,0,0,0,0,0,0,0,0,0,0,0,0,0,0,0,0.26,0.39,0.52,1.041,0.52,1.041,0.13,0.39,0.26,0,0.13,0,0,0,0,0.13,0,0,0.13,0,0,0,0,0,0,0,0,0,0
Illumise,E,https://limitlessvgc.com/wp-content/media/icons/gen9/illumise.png,0,0,0,0,0,0,0,0,0,0,0,0,0,0,0,0,0,0,0,0,0,0,0,0,0.26,0,0,0.13,0,0,0,0,0,0,0,0,0,0,0,0,0,0,0,0,0,0,0,0,0,0,0,0,0
Kommo-o,E,https://limitlessvgc.com/wp-content/media/icons/gen9/kommo-o.png,0,0,0,0,0,0,0,0,0,0,0,0,0,0,0,0,0,0,0,0,0,0,0,0,0.26,0.39,0.39,0.52,0,1.041,0,0,0.13,0.13,0,0,0.781,0.39,0.651,0,0.52,0.13,0.13,0.26,0.26,0.522,0,0.26,0.26,0.13,0,0.065,0
Weezing,E,https://limitlessvgc.com/wp-content/media/icons/gen9/weezing.png,0,0,0,0,0,0,0,0,0,0,0,0,0,0,0,0,0,0,0,0,0,0,0,0,0.26,0.781,0.52,0.26,0.26,0,0.13,0.26,0.39,0,0.26,0,0.26,0.13,0,0,0,0,0,0.26,0,0,0,0,0,0,0,0.065,0
Empoleon,E,https://limitlessvgc.com/wp-content/media/icons/gen9/empoleon.png,0,0,0,0,0,0,0,0,0,0,0,0,0,0,0,0,0,0,0,0,0,0,0,0,0.26,0.13,0,0,0.13,0,0,0,0.13,0,0,0,0,0,0,0,0,0,0,0,0,0,0,0,0,0,0,0,0
Okidogi,E,https://limitlessvgc.com/wp-content/media/icons/gen9/okidogi.png,0,0,0,0,0,0,0,0,0,0,0,0,0,0,0,0,0,0,0,0,0,0,0,0,0.391,0.39,0.26,0.39,0.13,0.52,0.39,0.26,0.13,0,0,0.13,0.26,0.26,0.39,0.26,0,0,0.52,0.13,0.52,0.783,0,0.13,0,0,0.13,0.26,0.13
Clefairy,E,https://limitlessvgc.com/wp-content/media/icons/gen9/clefairy.png,0,0,0,0,0,0,0,0,0,0,0,0,0,0,0,0,0,0,0,0,0,0,0,0,0.391,0.651,0.26,1.041,0.651,0,0.26,0.26,0.911,0.52,0,0,0,0,0.26,0.13,0,0.13,0.195,0.26,0,0,0.52,0.52,2.083,0.52,3.645,1.822,1.822
Ogerpon,E,https://limitlessvgc.com/wp-content/media/icons/gen9/ogerpon.png,0,0,0,0,0,0,0,0,0,0,0,0,0,0,0,0,0,0,0,0,0,0,0,0,0.391,0.26,0,0.26,0.26,0,0.13,0.26,0.39,0.911,0.39,0.52,0.26,0.52,0.39,0.26,0,0.651,0.325,0.651,0.781,0.261,0.39,0,0.26,0,0,0.065,0.325
Ogerpon-cornerstone,E,https://limitlessvgc.com/wp-content/media/icons/gen9/ogerpon-cornerstone.png,0,0,0,0,0,0,0,0,0,0,0,0,0,0,0,0,0,0,0,0,0,0,0,0,0.651,0.26,0.39,0.39,0.52,0.52,0.13,0.26,0.13,0.13,0.13,0.781,0,0.13,0.911,0.52,1.041,0.52,0.52,0.39,1.302,0,0.39,2.213,2.864,1.953,2.083,1.302,2.408
Milotic,E,https://limitlessvgc.com/wp-content/media/icons/gen9/milotic.png,0,0,0,0,0,0,0,0,0,0,0,0,0,0,0,0,0,0,0,0,0,0,0,0,0.782,0.52,0.39,0.26,0.26,0,0.13,0.13,0.13,0,0,0.13,0,0.26,0,0,0,0,0,0.13,0,0,0.13,0.13,0,0,0,0,0
Ursaluna-bloodmoon,E,https://limitlessvgc.com/wp-content/media/icons/gen9/ursaluna-bloodmoon.png,0,0,0,0,0,0,0,0,0,0,0,0,0,0,0,0,0,0,0,0,0,0,0,0,1.173,1.041,0.651,1.692,0.781,1.562,0.39,1.041,0.781,1.171,2.473,1.562,2.864,2.213,2.083,1.562,1.041,0.911,1.106,0.651,1.302,0.522,1.953,2.343,1.822,1.432,1.432,1.757,1.302
Ninetales-alola,E,https://limitlessvgc.com/wp-content/media/icons/gen9/ninetales-alola.png,0,0,0,0,0,0,0,0,0,0,0,0,0,0,0,0,0,0,0,0,0,0,0,0,1.303,1.432,1.302,1.302,1.171,1.041,0.39,0,0.26,0,0.13,0.26,0,0,0.26,0.651,0.52,0.39,0.455,0.13,0.26,0.522,0.13,0.26,0,0.13,0,0,0.065
Sinistcha,E,https://limitlessvgc.com/wp-content/media/icons/gen9/sinistcha.png,0,0,0,0,0,0,0,0,0,0,0,0,0,0,0,0,0,0,0,0,0,0,0,0,1.694,1.041,0.26,1.171,0.52,0.52,0.26,0.651,0.651,0.26,0,0,0,0.26,0,0,0,0.26,0.13,0.26,0.26,0,0.13,0.13,0.26,0.13,0,0.195,0.065
Ogerpon-wellspring,E,https://limitlessvgc.com/wp-content/media/icons/gen9/ogerpon-wellspring.png,0,0,0,0,0,0,0,0,0,0,0,0,0,0,0,0,0,0,0,0,0,0,0,0,4.954,5.598,6.25,4.687,2.864,3.645,3.906,3.125,3.385,5.468,8.593,7.812,7.031,9.505,8.072,8.072,7.812,6.64,5.403,4.427,3.645,6.266,2.213,1.302,0.781,1.822,1.041,0.781,0.26
Ogerpon-hearthflame,E,https://limitlessvgc.com/wp-content/media/icons/gen9/ogerpon-hearthflame.png,0,0,0,0,0,0,0,0,0,0,0,0,0,0,0,0,0,0,0,0,0,0,0,0,5.736,5.078,4.427,2.994,2.083,1.041,1.692,3.125,4.036,1.432,1.692,2.343,3.906,1.822,2.734,1.953,2.083,2.864,2.994,2.994,1.822,2.872,0.651,0.52,0.781,1.432,1.171,0.651,3.19
Slowking,E,https://limitlessvgc.com/wp-content/media/icons/gen9/slowking.png,0,0,0,0,0,0,0,0,0,0,0,0,0,0,0,0,0,0,0,0,0,0,0,0,0,0.13,0,0,0,0,0,0,0,0,0,0,0,0,0,0,0,0,0,0,0,0,0,0,0,0,0,0,0.065
Avalugg,E,https://limitlessvgc.com/wp-content/media/icons/gen9/avalugg.png,0,0,0,0,0,0,0,0,0,0,0,0,0,0,0,0,0,0,0,0,0,0,0,0,0,0.13,0,0,0,0,0,0,0,0,0,0,0,0,0,0,0,0,0,0,0,0,0.13,0,0,0,0,0,0
Tauros-paldea,E,https://limitlessvgc.com/wp-content/media/icons/gen9/tauros-paldea.png,0,0,0,0,0,0,0,0,0,0,0,0,0,0,0,0,0,0,0,0,0,0,0,0,0,0.13,0,0,0,0,0,0,0,0,0,0,0,0,0,0,0,0,0,0,0,0,0,0,0,0,0,0,0
Gliscor,E,https://limitlessvgc.com/wp-content/media/icons/gen9/gliscor.png,0,0,0,0,0,0,0,0,0,0,0,0,0,0,0,0,0,0,0,0,0,0,0,0,0,0,0.13,0,0,0,0,0,0,0,0,0,0,0,0,0,0,0,0,0,0,0,0,0,0,0,0,0,0
Fezandipiti,E,https://limitlessvgc.com/wp-content/media/icons/gen9/fezandipiti.png,0,0,0,0,0,0,0,0,0,0,0,0,0,0,0,0,0,0,0,0,0,0,0,0,0,0,0.13,0.13,0,0,0,0,0,0,0,0,0,0,0,0,0,0,0.065,0,0,0,0,0,0,0,0,0,0
Thundurus-therian,E,https://limitlessvgc.com/wp-content/media/icons/gen9/thundurus-therian.png,0,0,0,0,0,0,0,0,0,0,0,0,0,0,0,0,0,0,0,0,0,0,0,0,0,0,0,0.13,0,0,0,0,0,0,0,0,0,0,0,0,0,0,0,0,0,0,0,0,0,0,0,0,0
Pikachu,E,https://limitlessvgc.com/wp-content/media/icons/gen9/pikachu.png,0,0,0,0,0,0,0,0,0,0,0,0,0,0,0,0,0,0,0,0,0,0,0,0,0,0,0,0.13,0,0,0,0,0,0,0,0,0,0,0,0,0,0.13,0,0,0,0,0,0,0,0,0,0.065,0
Articuno-galar,E,https://limitlessvgc.com/wp-content/media/icons/gen9/articuno-galar.png,0,0,0,0,0,0,0,0,0,0,0,0,0,0,0,0,0,0,0,0,0,0,0,0,0,0,0,0,0.13,0,0.13,0,0,0,0,0.13,0.26,0,0,0.13,0.52,0,0,0,0,0.261,0,0,0,0,0,0,0
Clefable,E,https://limitlessvgc.com/wp-content/media/icons/gen9/clefable.png,0,0,0,0,0,0,0,0,0,0,0,0,0,0,0,0,0,0,0,0,0,0,0,0,0,0,0,0,0,0.52,0,0,0,0,0,0,0,0,0,0.26,0,0,0.195,0,0,0,0,0,0,0,0,0,0
Chandelure,E,https://limitlessvgc.com/wp-content/media/icons/gen9/chandelure.png,0,0,0,0,0,0,0,0,0,0,0,0,0,0,0,0,0,0,0,0,0,0,0,0,0,0,0,0,0,0.52,0,0,0,0,0,0,0,0,0,0,0,0,0,0,0,0,0,0.13,0,0.13,0.13,0.195,0.13
Snorlax,E,https://limitlessvgc.com/wp-content/media/icons/gen9/snorlax.png,0,0,0,0,0,0,0,0,0,0,0,0,0,0,0,0,0,0,0,0,0,0,0,0,0,0,0,0,0,0,0.13,0,0,0,0,0,0,0,0,0,0,0,0,0,0,0.261,0,0,0,0,0,0,0.065
Politoed,E,https://limitlessvgc.com/wp-content/media/icons/gen9/politoed.png,0,0,0,0,0,0,0,0,0,0,0,0,0,0,0,0,0,0,0,0,0,0,0,0,0,0,0,0,0,0,0.13,0,0,0,0,0,0,0,0,0,0,0,0,0,0,0,0,0,0,0,0,0,0
Ludicolo,E,https://limitlessvgc.com/wp-content/media/icons/gen9/ludicolo.png,0,0,0,0,0,0,0,0,0,0,0,0,0,0,0,0,0,0,0,0,0,0,0,0,0,0,0,0,0,0,0.13,0,0,0,0,0,0,0,0,0,0,0,0,0,0,0,0,0,0,0,0,0,0
Latios,F,https://limitlessvgc.com/wp-content/media/icons/gen9/latios.png,0,0,0,0,0,0,0,0,0,0,0,0,0,0,0,0,0,0,0,0,0,0,0,0,0,0,0,0,0,0,0,0,0,0.13,0.13,0.13,0,0,0,0,0,0,0,0,0,0,0.13,0.651,0.26,0.26,0.13,0.195,0.325
Primarina,F,https://limitlessvgc.com/wp-content/media/icons/gen9/primarina.png,0,0,0,0,0,0,0,0,0,0,0,0,0,0,0,0,0,0,0,0,0,0,0,0,0,0,0,0,0,0,0,0,0,0.13,0.13,0.13,0.26,0,0,0.13,0,0.52,0.13,0.13,0.26,0,0,0.13,0,0,0,0.195,0
Magmar,F,https://limitlessvgc.com/wp-content/media/icons/gen9/magmar.png,0,0,0,0,0,0,0,0,0,0,0,0,0,0,0,0,0,0,0,0,0,0,0,0,0,0,0,0,0,0,0,0,0,0.13,0.13,0,0,0,0,0,0,0,0,0.26,0,0,0,0,0,0,0,0.065,0
Suicune,F,https://limitlessvgc.com/wp-content/media/icons/gen9/suicune.png,0,0,0,0,0,0,0,0,0,0,0,0,0,0,0,0,0,0,0,0,0,0,0,0,0,0,0,0,0,0,0,0,0,0.13,0,0,0,0.26,0,0,0,0.13,0,0,0,0,0,0.13,0,0.13,0,0.13,0
Araquanid,F,https://limitlessvgc.com/wp-content/media/icons/gen9/araquanid.png,0,0,0,0,0,0,0,0,0,0,0,0,0,0,0,0,0,0,0,0,0,0,0,0,0,0,0,0,0,0,0,0,0,0.13,0,0.13,0,0,0.39,0,0,0,0,0,0,0,0.13,0.39,0,0.13,0,0,0.065
Zapdos-galar,F,https://limitlessvgc.com/wp-content/media/icons/gen9/zapdos-galar.png,0,0,0,0,0,0,0,0,0,0,0,0,0,0,0,0,0,0,0,0,0,0,0,0,0,0,0,0,0,0,0,0,0,0.13,0.26,0.13,0.26,0.13,0,0,0.52,0.13,0.13,0,0.26,0.261,0,0,0,0.13,0,0.13,0
Riolu,F,https://limitlessvgc.com/wp-content/media/icons/gen9/riolu.png,0,0,0,0,0,0,0,0,0,0,0,0,0,0,0,0,0,0,0,0,0,0,0,0,0,0,0,0,0,0,0,0,0,0.13,0,0,0,0,0,0,0,0,0,0,0,0,0,0,0,0,0,0,0
Blaziken,F,https://limitlessvgc.com/wp-content/media/icons/gen9/blaziken.png,0,0,0,0,0,0,0,0,0,0,0,0,0,0,0,0,0,0,0,0,0,0,0,0,0,0,0,0,0,0,0,0,0,0.13,0,0,0,0,0,0,0,0,0,0,0,0,0,0,0,0,0,0,0
Registeel,F,https://limitlessvgc.com/wp-content/media/icons/gen9/registeel.png,0,0,0,0,0,0,0,0,0,0,0,0,0,0,0,0,0,0,0,0,0,0,0,0,0,0,0,0,0,0,0,0,0,0.26,0.39,0.52,0.26,0.13,0.52,0.26,0,0,0.13,0,0,0,0,0,0,0,0,0,0
Porygon2,F,https://limitlessvgc.com/wp-content/media/icons/gen9/porygon2.png,0,0,0,0,0,0,0,0,0,0,0,0,0,0,0,0,0,0,0,0,0,0,0,0,0,0,0,0,0,0,0,0,0,0.26,0.651,0.26,1.302,1.302,1.302,0.39,0.52,0.52,1.171,1.562,2.083,1.044,0.52,0.13,0.26,0,0,0,0.065
Iron-boulder,F,https://limitlessvgc.com/wp-content/media/icons/gen9/iron-boulder.png,0,0,0,0,0,0,0,0,0,0,0,0,0,0,0,0,0,0,0,0,0,0,0,0,0,0,0,0,0,0,0,0,0,0.26,0.26,0,0,0,0,0.13,0,0,0.195,0,0,0,0.13,0,0,0,0,0,0
Terrakion,F,https://limitlessvgc.com/wp-content/media/icons/gen9/terrakion.png,0,0,0,0,0,0,0,0,0,0,0,0,0,0,0,0,0,0,0,0,0,0,0,0,0,0,0,0,0,0,0,0,0,0.39,0,0.13,0,0,0.13,0,0,0.26,0.065,0,0,0,0,0,0,0,0,0.065,0
Metagross,F,https://limitlessvgc.com/wp-content/media/icons/gen9/metagross.png,0,0,0,0,0,0,0,0,0,0,0,0,0,0,0,0,0,0,0,0,0,0,0,0,0,0,0,0,0,0,0,0,0,0.52,0.26,0,0,0,0,0,0,0,0,0.26,0,0,0,0,0,0,0,0,0
Smeargle,F,https://limitlessvgc.com/wp-content/media/icons/gen9/smeargle.png,0,0,0,0,0,0,0,0,0,0,0,0,0,0,0,0,0,0,0,0,0,0,0,0,0,0,0,0,0,0,0,0,0,0.52,0.26,0.26,0,0,0,0.13,0,0.13,0.195,0.39,0,0.261,0.39,0.26,0,0.781,0.52,1.236,1.562
Walking-wake,F,https://limitlessvgc.com/wp-content/media/icons/gen9/walking-wake.png,0,0,0,0,0,0,0,0,0,0,0,0,0,0,0,0,0,0,0,0,0,0,0,0,0,0,0,0,0,0,0,0,0,0.651,0.39,0.651,0.26,0.39,0.13,0.26,0.52,0.52,0.13,0.651,0.26,0.261,0.26,0,0.781,0.26,0,0.195,0
Gouging-fire,F,https://limitlessvgc.com/wp-content/media/icons/gen9/gouging-fire.png,0,0,0,0,0,0,0,0,0,0,0,0,0,0,0,0,0,0,0,0,0,0,0,0,0,0,0,0,0,0,0,0,0,0.781,2.213,2.083,1.562,3.906,1.822,2.734,1.562,2.734,2.799,2.213,2.083,2.088,0.26,0.13,0,0.26,0,0.13,0
Archaludon,F,https://limitlessvgc.com/wp-content/media/icons/gen9/archaludon.png,0,0,0,0,0,0,0,0,0,0,0,0,0,0,0,0,0,0,0,0,0,0,0,0,0,0,0,0,0,0,0,0,0,1.041,1.432,1.302,2.083,0.52,0.911,0.52,0,1.302,0.651,1.041,1.822,0.261,1.171,0.651,0,0,0.26,0.13,0.065
Iron-crown,F,https://limitlessvgc.com/wp-content/media/icons/gen9/iron-crown.png,0,0,0,0,0,0,0,0,0,0,0,0,0,0,0,0,0,0,0,0,0,0,0,0,0,0,0,0,0,0,0,0,0,1.171,2.473,1.302,0,1.171,0.651,0.26,0,0.52,0.455,0.52,0.52,0.522,0,0,0,0.13,0,0.065,0.26
Whimsicott,F,https://limitlessvgc.com/wp-content/media/icons/gen9/whimsicott.png,0,0,0,0,0,0,0,0,0,0,0,0,0,0,0,0,0,0,0,0,0,0,0,0,0,0,0,0,0,0,0,0,0,1.171,0.26,0.13,0.26,0.39,0.26,0.13,0,0.781,0.26,0.13,1.562,0.261,0.651,2.343,2.343,4.817,2.343,3.059,2.929
Latias,F,https://limitlessvgc.com/wp-content/media/icons/gen9/latias.png,0,0,0,0,0,0,0,0,0,0,0,0,0,0,0,0,0,0,0,0,0,0,0,0,0,0,0,0,0,0,0,0,0,1.302,0.26,0.13,0.26,0,0.26,0,0,0.13,0.13,0.13,0,0,0,0,0,0,0,0,0
Entei,F,https://limitlessvgc.com/wp-content/media/icons/gen9/entei.png,0,0,0,0,0,0,0,0,0,0,0,0,0,0,0,0,0,0,0,0,0,0,0,0,0,0,0,0,0,0,0,0,0,4.817,1.822,1.302,1.041,0.651,1.041,0.52,0.52,0.651,0.976,1.041,0.52,0.783,0.13,0.13,0.52,0.13,0.26,0.52,0.52
Raging-bolt,F,https://limitlessvgc.com/wp-content/media/icons/gen9/raging-bolt.png,0,0,0,0,0,0,0,0,0,0,0,0,0,0,0,0,0,0,0,0,0,0,0,0,0,0,0,0,0,0,0,0,0,4.947,2.864,3.125,4.427,3.645,4.817,7.161,8.854,5.338,6.835,6.38,4.427,7.571,7.161,6.77,7.552,4.557,6.119,4.817,5.924
Incineroar,F,https://limitlessvgc.com/wp-content/media/icons/gen9/incineroar.png,0,0,0,0,0,0,0,0,0,0,0,0,0,0,0,0,0,0,0,0,0,0,0,0,0,0,0,0,0,0,0,0,0,6.25,4.296,5.859,6.25,5.989,6.25,8.723,8.333,6.25,7.096,7.942,8.593,7.832,11.58,10.8,10.67,5.078,9.375,6.835,5.468
Comfey,F,https://limitlessvgc.com/wp-content/media/icons/gen9/comfey.png,0,0,0,0,0,0,0,0,0,0,0,0,0,0,0,0,0,0,0,0,0,0,0,0,0,0,0,0,0,0,0,0,0,0,0.13,0,0.26,0.26,0,0.13,0,0,0,0.13,0,0,0.26,0.13,0,0.39,0.39,0.325,0.13
Excadrill,F,https://limitlessvgc.com/wp-content/media/icons/gen9/excadrill.png,0,0,0,0,0,0,0,0,0,0,0,0,0,0,0,0,0,0,0,0,0,0,0,0,0,0,0,0,0,0,0,0,0,0,0.13,0,0,0,0.13,0.13,0,0.26,0.065,0,0,0,0,0.13,0,0,0,0,0
Regigigas,F,https://limitlessvgc.com/wp-content/media/icons/gen9/regigigas.png,0,0,0,0,0,0,0,0,0,0,0,0,0,0,0,0,0,0,0,0,0,0,0,0,0,0,0,0,0,0,0,0,0,0,0.13,0,0,0,0,0,0,0,0,0,0,0,0,0,0,0,0,0,0
Typhlosion-hisui,F,https://limitlessvgc.com/wp-content/media/icons/gen9/typhlosion-hisui.png,0,0,0,0,0,0,0,0,0,0,0,0,0,0,0,0,0,0,0,0,0,0,0,0,0,0,0,0,0,0,0,0,0,0,0,0.13,0,0,0,0,0,0,0,0,0,0,0,0,0,0,0,0,0
Regirock,F,https://limitlessvgc.com/wp-content/media/icons/gen9/regirock.png,0,0,0,0,0,0,0,0,0,0,0,0,0,0,0,0,0,0,0,0,0,0,0,0,0,0,0,0,0,0,0,0,0,0,0,0.13,0,0,0,0,0,0,0,0,0,0,0,0,0,0,0,0,0
Pachirisu,F,https://limitlessvgc.com/wp-content/media/icons/gen9/pachirisu.png,0,0,0,0,0,0,0,0,0,0,0,0,0,0,0,0,0,0,0,0,0,0,0,0,0,0,0,0,0,0,0,0,0,0,0,0,0.26,0,0,0,0,0,0,0,0,0,0,0,0,0,0,0,0.065
Overqwil,F,https://limitlessvgc.com/wp-content/media/icons/gen9/overqwil.png,0,0,0,0,0,0,0,0,0,0,0,0,0,0,0,0,0,0,0,0,0,0,0,0,0,0,0,0,0,0,0,0,0,0,0,0,0.26,0,0,0,0,0,0,0,0,0,0,0,0,0,0,0.065,0
Venusaur,F,https://limitlessvgc.com/wp-content/media/icons/gen9/venusaur.png,0,0,0,0,0,0,0,0,0,0,0,0,0,0,0,0,0,0,0,0,0,0,0,0,0,0,0,0,0,0,0,0,0,0,0,0,0,0,0.13,0,0,0,0.065,0,0.26,0,0.13,0,0,0,0,0,0
Sceptile,F,https://limitlessvgc.com/wp-content/media/icons/gen9/sceptile.png,0,0,0,0,0,0,0,0,0,0,0,0,0,0,0,0,0,0,0,0,0,0,0,0,0,0,0,0,0,0,0,0,0,0,0,0,0,0,0,0,0,0.13,0,0,0,0,0,0,0,0,0,0,0
Chesnaught,F,https://limitlessvgc.com/wp-content/media/icons/gen9/chesnaught.png,0,0,0,0,0,0,0,0,0,0,0,0,0,0,0,0,0,0,0,0,0,0,0,0,0,0,0,0,0,0,0,0,0,0,0,0,0,0,0,0,0,0,0.065,0.13,0,0.261,0,0,0,0,0,0.065,0
Exeggutor,F,https://limitlessvgc.com/wp-content/media/icons/gen9/exeggutor.png,0,0,0,0,0,0,0,0,0,0,0,0,0,0,0,0,0,0,0,0,0,0,0,0,0,0,0,0,0,0,0,0,0,0,0,0,0,0,0,0,0,0,0.065,0,0,0,0,0,0,0,0,0,0
Rhyperior,F,https://limitlessvgc.com/wp-content/media/icons/gen9/rhyperior.png,0,0,0,0,0,0,0,0,0,0,0,0,0,0,0,0,0,0,0,0,0,0,0,0,0,0,0,0,0,0,0,0,0,0,0,0,0,0,0,0,0,0,0.065,0,0,0,0,0,0,0.13,0,0,0
Raikou,F,https://limitlessvgc.com/wp-content/media/icons/gen9/raikou.png,0,0,0,0,0,0,0,0,0,0,0,0,0,0,0,0,0,0,0,0,0,0,0,0,0,0,0,0,0,0,0,0,0,0,0,0,0,0,0,0,0,0,0,0.13,0,0,0,0,0,0,0,0,0
Cobalion,F,https://limitlessvgc.com/wp-content/media/icons/gen9/cobalion.png,0,0,0,0,0,0,0,0,0,0,0,0,0,0,0,0,0,0,0,0,0,0,0,0,0,0,0,0,0,0,0,0,0,0,0,0,0,0,0,0,0,0,0,0,0.26,0,0,0,0,0,0,0,0
Kyurem-white,G,https://limitlessvgc.com/wp-content/media/icons/gen9/kyurem-white.png,0,0,0,0,0,0,0,0,0,0,0,0,0,0,0,0,0,0,0,0,0,0,0,0,0,0,0,0,0,0,0,0,0,0,0,0,0,0,0,0,0,0,0,0,0,0,0.13,0.13,0,0.13,0,0,0
Lunala,G,https://limitlessvgc.com/wp-content/media/icons/gen9/lunala.png,0,0,0,0,0,0,0,0,0,0,0,0,0,0,0,0,0,0,0,0,0,0,0,0,0,0,0,0,0,0,0,0,0,0,0,0,0,0,0,0,0,0,0,0,0,0,0.13,0.26,0.26,0.39,1.302,0.39,0.26
Lugia,G,https://limitlessvgc.com/wp-content/media/icons/gen9/lugia.png,0,0,0,0,0,0,0,0,0,0,0,0,0,0,0,0,0,0,0,0,0,0,0,0,0,0,0,0,0,0,0,0,0,0,0,0,0,0,0,0,0,0,0,0,0,0,0.13,0,0,0.13,0,0,0
Kingdra,G,https://limitlessvgc.com/wp-content/media/icons/gen9/kingdra.png,0,0,0,0,0,0,0,0,0,0,0,0,0,0,0,0,0,0,0,0,0,0,0,0,0,0,0,0,0,0,0,0,0,0,0,0,0,0,0,0,0,0,0,0,0,0,0.13,0,0,0,0,0,0
Shiftry,G,https://limitlessvgc.com/wp-content/media/icons/gen9/shiftry.png,0,0,0,0,0,0,0,0,0,0,0,0,0,0,0,0,0,0,0,0,0,0,0,0,0,0,0,0,0,0,0,0,0,0,0,0,0,0,0,0,0,0,0,0,0,0,0.13,0,0,0,0,0,0
Zacian,G,https://limitlessvgc.com/wp-content/media/icons/gen9/zacian.png,0,0,0,0,0,0,0,0,0,0,0,0,0,0,0,0,0,0,0,0,0,0,0,0,0,0,0,0,0,0,0,0,0,0,0,0,0,0,0,0,0,0,0,0,0,0,0.26,0.651,0,0.52,0.39,0.781,0.26
Groudon,G,https://limitlessvgc.com/wp-content/media/icons/gen9/groudon.png,0,0,0,0,0,0,0,0,0,0,0,0,0,0,0,0,0,0,0,0,0,0,0,0,0,0,0,0,0,0,0,0,0,0,0,0,0,0,0,0,0,0,0,0,0,0,0.39,0.39,0,0.52,0.52,0.195,0.26
Mienshao,G,https://limitlessvgc.com/wp-content/media/icons/gen9/mienshao.png,0,0,0,0,0,0,0,0,0,0,0,0,0,0,0,0,0,0,0,0,0,0,0,0,0,0,0,0,0,0,0,0,0,0,0,0,0,0,0,0,0,0,0,0,0,0,0.651,0.39,0.26,0.26,2.083,0.325,0.325
Zamazenta,G,https://limitlessvgc.com/wp-content/media/icons/gen9/zamazenta.png,0,0,0,0,0,0,0,0,0,0,0,0,0,0,0,0,0,0,0,0,0,0,0,0,0,0,0,0,0,0,0,0,0,0,0,0,0,0,0,0,0,0,0,0,0,0,0.781,2.343,3.645,2.473,1.302,1.627,1.627
Koraidon,G,https://limitlessvgc.com/wp-content/media/icons/gen9/koraidon.png,0,0,0,0,0,0,0,0,0,0,0,0,0,0,0,0,0,0,0,0,0,0,0,0,0,0,0,0,0,0,0,0,0,0,0,0,0,0,0,0,0,0,0,0,0,0,1.041,0.651,1.562,1.692,1.041,1.627,0.585
Miraidon,G,https://limitlessvgc.com/wp-content/media/icons/gen9/miraidon.png,0,0,0,0,0,0,0,0,0,0,0,0,0,0,0,0,0,0,0,0,0,0,0,0,0,0,0,0,0,0,0,0,0,0,0,0,0,0,0,0,0,0,0,0,0,0,1.171,2.604,1.562,3.125,2.083,2.408,3.32
Terapagos,G,https://limitlessvgc.com/wp-content/media/icons/gen9/terapagos.png,0,0,0,0,0,0,0,0,0,0,0,0,0,0,0,0,0,0,0,0,0,0,0,0,0,0,0,0,0,0,0,0,0,0,0,0,0,0,0,0,0,0,0,0,0,0,1.953,2.864,5.208,2.604,2.604,2.734,1.627
Kyogre,G,https://limitlessvgc.com/wp-content/media/icons/gen9/kyogre.png,0,0,0,0,0,0,0,0,0,0,0,0,0,0,0,0,0,0,0,0,0,0,0,0,0,0,0,0,0,0,0,0,0,0,0,0,0,0,0,0,0,0,0,0,0,0,2.213,1.041,1.041,0.52,0.911,1.432,1.106
Calyrex-shadow,G,https://limitlessvgc.com/wp-content/media/icons/gen9/calyrex-shadow.png,0,0,0,0,0,0,0,0,0,0,0,0,0,0,0,0,0,0,0,0,0,0,0,0,0,0,0,0,0,0,0,0,0,0,0,0,0,0,0,0,0,0,0,0,0,0,2.994,1.953,1.302,1.432,3.776,2.018,3.32
Calyrex-ice,G,https://limitlessvgc.com/wp-content/media/icons/gen9/calyrex-ice.png,0,0,0,0,0,0,0,0,0,0,0,0,0,0,0,0,0,0,0,0,0,0,0,0,0,0,0,0,0,0,0,0,0,0,0,0,0,0,0,0,0,0,0,0,0,0,5.468,3.385,2.083,2.473,2.343,2.864,4.231
Serperior,G,https://limitlessvgc.com/wp-content/media/icons/gen9/serperior.png,0,0,0,0,0,0,0,0,0,0,0,0,0,0,0,0,0,0,0,0,0,0,0,0,0,0,0,0,0,0,0,0,0,0,0,0,0,0,0,0,0,0,0,0,0,0,0,0.13,0,0,0,0,0
Eternatus,G,https://limitlessvgc.com/wp-content/media/icons/gen9/eternatus.png,0,0,0,0,0,0,0,0,0,0,0,0,0,0,0,0,0,0,0,0,0,0,0,0,0,0,0,0,0,0,0,0,0,0,0,0,0,0,0,0,0,0,0,0,0,0,0,0.13,0,0.26,0.13,0,0
Ho-oh,G,https://limitlessvgc.com/wp-content/media/icons/gen9/ho-oh.png,0,0,0,0,0,0,0,0,0,0,0,0,0,0,0,0,0,0,0,0,0,0,0,0,0,0,0,0,0,0,0,0,0,0,0,0,0,0,0,0,0,0,0,0,0,0,0,0.13,0,0.13,0,0,0
Rayquaza,G,https://limitlessvgc.com/wp-content/media/icons/gen9/rayquaza.png,0,0,0,0,0,0,0,0,0,0,0,0,0,0,0,0,0,0,0,0,0,0,0,0,0,0,0,0,0,0,0,0,0,0,0,0,0,0,0,0,0,0,0,0,0,0,0,0.13,0,0,0,0.065,0
Iron-leaves,G,https://limitlessvgc.com/wp-content/media/icons/gen9/iron-leaves.png,0,0,0,0,0,0,0,0,0,0,0,0,0,0,0,0,0,0,0,0,0,0,0,0,0,0,0,0,0,0,0,0,0,0,0,0,0,0,0,0,0,0,0,0,0,0,0,0,0.26,0,0.13,0,0.195
Mandibuzz,G,https://limitlessvgc.com/wp-content/media/icons/gen9/mandibuzz.png,0,0,0,0,0,0,0,0,0,0,0,0,0,0,0,0,0,0,0,0,0,0,0,0,0,0,0,0,0,0,0,0,0,0,0,0,0,0,0,0,0,0,0,0,0,0,0,0,0.26,0,0,0,0
Calyrex,G,https://limitlessvgc.com/wp-content/media/icons/gen9/calyrex.png,0,0,0,0,0,0,0,0,0,0,0,0,0,0,0,0,0,0,0,0,0,0,0,0,0,0,0,0,0,0,0,0,0,0,0,0,0,0,0,0,0,0,0,0,0,0,0,0,0,0.13,0.26,0.26,0.065
Dialga-origin,G,https://limitlessvgc.com/wp-content/media/icons/gen9/dialga-origin.png,0,0,0,0,0,0,0,0,0,0,0,0,0,0,0,0,0,0,0,0,0,0,0,0,0,0,0,0,0,0,0,0,0,0,0,0,0,0,0,0,0,0,0,0,0,0,0,0,0,0.13,0,0,0
Frosmoth,G,https://limitlessvgc.com/wp-content/media/icons/gen9/frosmoth.png,0,0,0,0,0,0,0,0,0,0,0,0,0,0,0,0,0,0,0,0,0,0,0,0,0,0,0,0,0,0,0,0,0,0,0,0,0,0,0,0,0,0,0,0,0,0,0,0,0,0.13,0,0,0
Skuntank,G,https://limitlessvgc.com/wp-content/media/icons/gen9/skuntank.png,0,0,0,0,0,0,0,0,0,0,0,0,0,0,0,0,0,0,0,0,0,0,0,0,0,0,0,0,0,0,0,0,0,0,0,0,0,0,0,0,0,0,0,0,0,0,0,0,0,0.13,0,0,0
Alcremie,G,https://limitlessvgc.com/wp-content/media/icons/gen9/alcremie.png,0,0,0,0,0,0,0,0,0,0,0,0,0,0,0,0,0,0,0,0,0,0,0,0,0,0,0,0,0,0,0,0,0,0,0,0,0,0,0,0,0,0,0,0,0,0,0,0,0,0,0,0.065,0.065
Tropius,G,https://limitlessvgc.com/wp-content/media/icons/gen9/tropius.png,0,0,0,0,0,0,0,0,0,0,0,0,0,0,0,0,0,0,0,0,0,0,0,0,0,0,0,0,0,0,0,0,0,0,0,0,0,0,0,0,0,0,0,0,0,0,0,0,0,0,0,0.065,0
Zekrom,G,https://limitlessvgc.com/wp-content/media/icons/gen9/zekrom.png,0,0,0,0,0,0,0,0,0,0,0,0,0,0,0,0,0,0,0,0,0,0,0,0,0,0,0,0,0,0,0,0,0,0,0,0,0,0,0,0,0,0,0,0,0,0,0,0,0,0,0,0.065,0
Necrozma-dawn,G,https://limitlessvgc.com/wp-content/media/icons/gen9/necrozma-dawn.png,0,0,0,0,0,0,0,0,0,0,0,0,0,0,0,0,0,0,0,0,0,0,0,0,0,0,0,0,0,0,0,0,0,0,0,0,0,0,0,0,0,0,0,0,0,0,0,0,0,0,0,0.195,0
Electabuzz,G,https://limitlessvgc.com/wp-content/media/icons/gen9/electabuzz.png,0,0,0,0,0,0,0,0,0,0,0,0,0,0,0,0,0,0,0,0,0,0,0,0,0,0,0,0,0,0,0,0,0,0,0,0,0,0,0,0,0,0,0,0,0,0,0,0,0,0,0,0.26,0.195
Altaria,G,https://limitlessvgc.com/wp-content/media/icons/gen9/altaria.png,0,0,0,0,0,0,0,0,0,0,0,0,0,0,0,0,0,0,0,0,0,0,0,0,0,0,0,0,0,0,0,0,0,0,0,0,0,0,0,0,0,0,0,0,0,0,0,0,0,0,0,0,0.065
Scraggy,G,https://limitlessvgc.com/wp-content/media/icons/gen9/scraggy.png,0,0,0,0,0,0,0,0,0,0,0,0,0,0,0,0,0,0,0,0,0,0,0,0,0,0,0,0,0,0,0,0,0,0,0,0,0,0,0,0,0,0,0,0,0,0,0,0,0,0,0,0,0.065
